id,bid,user_id,用户昵称,微博正文,头条文章url,发布位置,艾特用户,话题,转发数,评论数,点赞数,发布时间,发布工具,微博图片url,微博视频url,retweet_id,ip,user_authentication,会员类型,会员等级
5229908377735071,Qcy3jwsfd,1590480375,人非人物,黄仁勋警告：中国将赢得AI竞赛？(FT)英伟达CEO黄仁勋在FT峰会警告，中国将“赢得AI竞赛”。此前，美国政府确认维持对Nvidia最先进芯片（如Blackwell）向中国的销售禁令。黄仁勋批评西方（美英）的“犬儒主义”及美国繁杂的监管（或达50项新规）。他对比指出，中国正通过能源补贴（黄称“电力免费”）降低本土科技巨头（如阿里、腾讯）使用国产芯片（如华为、寒武纪）的成本，尽管后者能效较低。黄仁勋此前已警告美国AI模型（如DeepSeek已引发硅谷焦虑）并未遥遥领先。尽管Nvidia市值创下5万亿美元新高，但特朗普明确表示“不会让任何人（除美国外）拥有最先进芯片”，显示中美AI技术和市场准入的博弈仍在加剧。AI超话#英伟达##中美AI竞赛#,,,,"英伟达,中美AI竞赛",0,0,0,2025-11-06 08:59,微博网页版,https://wx1.sinaimg.cn/large/5ecccdf7ly1i727shd9orj20uc0ucdsz.jpg,,,,黄V,会员,7
5226057646214219,QaVSsq4Bl,7943932637,科技侠来了,黄仁勋称NVIDIA退出中国市场！华为、沐曦、摩尔线程等国产GPU接棒老黄亲口确认，因禁令影响，NVIDIA已基本退出中国市场。但这一操作本想“锁喉”，结果反而成了国产GPU最强的“催化剂”，硬生生把近乎垄断的CUDA生态送走，给华为昇腾、沐曦、摩尔线程等一众国产厂商创造了黄金窗口期。现在国产算力已经能和海外芯片平分秋色，高端市场也有了替代方案，未来可期。#NVIDIA##国产GPU##华为#,,,,"NVIDIA,国产GPU,华为",0,0,0,2025-10-26 17:58,微博网页版,,,,,黄V,非会员,0
5224820415662208,QapGVnKZW,5371314996,Joken是个runner,《经济学人》中国芯片制造商巧妙地绕开美国限制China’schipmakersarecleverlyinnovatingaroundAmerica’slimits他们在极限中创新，扩大规模，并依靠“模糊数学”微芯片战争自2018年开始打响。那一年，美国在特朗普（以及后来拜登和再度上台的特朗普）领导下，开始对希望向中国出售产品的半导体公司施加越来越严厉的出口限制。这场高科技禁运的目标，是挫败中国建立本国先进芯片制造产业的雄心。但结果恰恰相反——它反而刺激了中国的创新。中国希望本国企业能够像在软件领域那样，在硬件领域也“绕道超车”。2025年1月，中国软件公司DeepSeek（深度求索）以极少的算力训练出了一个可与西方竞争对手媲美的人工智能（AI）模型，让世界惊讶不已。如今，中国的芯片制造商正试图复制这一奇迹——他们在把制造工具逼到极限、通过芯片集群弥补单个芯片性能不足，并融合软硬件来榨取每一分性能。问题是：中国能否把这些组件——芯片、系统与代码——整合成一个自给自足、具有竞争力的AI“技术堆栈”。从芯片开始根据风投公司EdgerunnerVentures的瑞安·坎宁安（RyanCunningham）收集的数据，中国AI芯片的中位性能为114万亿次浮点运算（teraflops），明显落后于美国同行。华为旗舰AI芯片昇腾910c（Ascend910c）的性能为800teraflops，而英伟达（Nvidia）高端产品B200则达到了2500teraflops。性能差距的根源在于制造难度。半个世纪以来，加快芯片速度的最可靠方法是缩小晶体管——这些微型电开关的开关状态代表二进制的“1”和“0”。B200芯片拥有2080亿个晶体管，分布在上千个核心中，全部压缩在一块只有几十毫米宽的硅片上。全球只有三家公司能生产最微小晶体管的芯片：韩国的三星半导体、台湾的台积电（TSMC）以及在一定程度上美国的英特尔（Intel）。其中，台积电独占鳌头。但由于美国施压，其最先进的工厂不再向中国客户开放。中国企业只能依赖本国制造商，如中芯国际（SMIC）和华为。推旧机器到极限不过，中芯国际和华为同样受限。芯片工厂依赖另一类高端设备制造商提供关键机台。比如，光刻机利用光线将电路图案蚀刻到硅晶圆上。正如毛笔比蜡笔更精细，波长越短的光线能刻出更细微的图案。最先进的光刻机使用极紫外光（EUV），波长仅13.5纳米。这类设备仅由荷兰公司ASML制造，其技术积累耗费数十年。在美国压力下，ASML禁止向中国出售EUV光刻机。于是，中国厂商只能继续使用较旧的**深紫外光（DUV）**设备（波长193纳米），并将其推至极限。一个关键手段是“多重曝光（multi-patterning）”——不再一次曝光完成，而是多次重复叠加，从而实现单次无法达成的更精细结构。这种方法会增加成本、降低产量并提高缺陷率。但对中国而言，“自给自足比效率更重要”。不过，DUV的物理极限终将到来。多数分析师认为，除非中国能获得ASML的EUV设备，否则大规模生产最先进芯片仍需多年。数量胜于质量既然质量暂时落后，另一条路就是拼数量。AI运算的数学特性非常适合“并行化”——把任务分解成若干小块，由大量芯片同时处理。2025年4月，华为宣布推出CloudMatrix384AI系统，可在数据中心机架中部署。该系统连接384颗昇腾910c芯片，目标是挑战英伟达的GB200NVL72系统（由72颗B200芯片组成）。咨询机构SemiAnalysis估算，每颗昇腾910c的性能大约是B200的三分之一。也就是说，华为系统虽然使用五倍芯片，总体性能仍略低于英伟达系统。但代价是功耗：华为系统耗电600千瓦，是英伟达的四倍多。不过坎宁安认为这笔交易“值得”——毕竟，“中国不缺电”。这种大规模芯片互联方式也契合华为的强项。华为发家于通信与网络技术，CloudMatrix384通过光信号而非电信号在芯片间传输数据。光互连相比电互连更节能、散热更少。过去这种技术主要用于长距离光纤通信，如今正逐步进入数据中心。投资公司伯恩斯坦（Bernstein）分析师林庆元（QingyuanLin）指出，华为的这种架构正在“从根本上改变AI基础设施的构建方式”。软硬一体与“模糊数学”中国战略的最后一环是让硬件与软件深度融合。一个关键例子是芯片内部处理数字的方式。一般处理器使用32位或64位来表示数字。位数越多，表示范围越大、精度越高。但每一个额外的位都需要晶体管来表示，也就意味着更高功耗。然而，AI模型能容忍一定的数学模糊性。许多现代AI芯片因此仅使用16位、8位甚至4位来表示数字。美国伊利诺伊大学厄巴纳-香槟分校电气工程师拉凯什·库马尔（RakeshKumar）称这种方法“简单但非常有效”。2025年8月，DeepSeek推出了新的8位数字表示格式：它不区分正负数，也没有小数部分。虽然这种格式的数值范围有限、精度不高，但效率极高。消息公布后，中国芯片设计公司寒武纪（Cambricon）股价大涨——其处理器已支持这种格式。华为芯片尚未支持，但预计很快会跟进。前路仍长，但自信增长中国构建本土AI技术栈的努力开局不错，但仍有很长的路要走。英伟达的CUDA编程生态仍然占据主导。中国芯片设计师依旧依赖美国公司的设计软件，如Synopsys和Cadence。美国曾于2025年5月禁止两家公司向中国出口，后在7月部分放宽。此外，中国芯片在推理任务（inference）上已接近西方水平，但在训练阶段（training）仍显落后。训练AI模型需要海量数据在存储器与处理器间传输，而先进存储芯片也是美国限制中国的另一个关键领域。尽管如此，从国家安全角度看，中国的芯片产业不需要世界第一，只要够用就行。在2025年4月美国限制英伟达专供中国市场的H20芯片销售后，当白宫数月后放松禁令时，中国并未表示松口气，而是呼吁科技公司彻底放弃英伟达产品，全面使用国产替代品。,,,,,189,9,271,2025-10-23 08:02,微博轻享版,"https://wx1.sinaimg.cn/large/005RvuoQgy1i6lzg4fmbvj31ac1kb154.jpg,https://wx1.sinaimg.cn/large/005RvuoQgy1i6lzg44e7xj31ac1a07ij.jpg,https://wx3.sinaimg.cn/large/005RvuoQgy1i6lzg51z22j310g0tsjtq.jpg,https://wx1.sinaimg.cn/large/005RvuoQgy1i6lzg2xx9dj31ac10jtj3.jpg,https://wx4.sinaimg.cn/large/005RvuoQgy1i6lzg4ixk9j31ac17vdu5.jpg,https://wx3.sinaimg.cn/large/005RvuoQgy1i6lzg4jhvdj31ac10r48z.jpg,https://wx1.sinaimg.cn/large/005RvuoQgy1i6lzg3h9zxj31ac11otk0.jpg,https://wx1.sinaimg.cn/large/005RvuoQgy1i6lzg4rk4nj31ac1ef183.jpg,https://wx1.sinaimg.cn/large/005RvuoQgy1i6lzg4uvihj31ac1g8dpw.jpg",,,,金V,超级会员,2
5218851043415210,Q7UoUeks2,7988926813,实战天天姐,3500亿芯片订单突然取消，美企市值蒸发超10万亿，外媒慌了：“中国动真格了！”比尔盖茨可谓一语成谶！他早就说过：“无论美国采取任何限制措施，都无法阻止中国走上科技强国的位置！”这事来得太突然，美国芯片巨头们一下子栽了个大跟头，中国这边却像开了挂一样往前冲。想想几年前，美国开始在芯片上对咱们下手，各种出口禁令层出不穷，目的就是想掐住中国的高科技脖子。起初是针对华为这样的企业，切断先进芯片供应链，后来扩展到整个行业，限制美国设备和技术流向中国大陆。华盛顿那些决策者觉得，这样就能让中国芯片业停滞不前，保持他们的霸主地位，可没想到，中国企业不光没倒下，反而像被打了鸡血，加速自研自产，硬是把劣势转化成动力。风头转向2025年上半年，中国政府和企业开始大动作，明确指示国有企业和关键行业逐步减少对美国芯片的依赖。比方说，原本大量采购NvidiaH20GPU的订单，直接被叫停，AMD和Qualcomm的芯片也跟着遭殃，一个季度内，对美芯片出口订单暴跌21%，总规模高达3500亿美元的合同泡汤，这不是小打小闹，涉及AI服务器、数据中心和电信设备等领域。美方原本以为禁令能让中国市场离不开他们，结果中国公司转头加大国产芯片采购，华为的Ascend系列和DeepSeek的AI芯片迅速填补空缺，外媒一看这架势，标题都刷屏了，直呼“中国认真起来了”，慌张情绪满满。追根溯源，美国的管制从特朗普时代就铺开了路子，先是列入实体清单，禁止向中国出售高端EUV光刻机和先进节点技术。拜登接手后，继续加码，2025年5月又下令芯片设计软件和化学品出口也得严格审批。华盛顿觉得中国芯片自给率低，进口依赖重，这招准能奏效。可中国这边呢，早几年就启动了大基金计划，第一二期投了上千亿，现在第三期又追加数百亿，专注光刻机和材料研发。上海微电子设备公司终于在2025年1月交付首台国产28nm光刻机，紧接着SMIC开始测试国产浸没式DUV工具，这东西能支持7nm级工艺，标志着中国在半导体装备上迈出关键一步。以前全靠进口ASML的机器，现在国产替代率直线上升，成本降了30%，效率还提升了好几倍。订单取消的导火索，还得说美国自己作的，2025年春，美商务部撤销了多家盟友企业的豁免许可，针对TSMC、三星和SK海力士在华工厂，禁止他们轻松进口美国设备。这下子，中国市场上的外资芯片产能受阻，价格水涨船高，本土企业趁机抢滩，结果美国芯片股集体跳水，Nvidia、AMD和Intel市值一夜间蒸发超过10万亿刀，投资者吓得直撤资。华尔街日报和路透社报道说，这波损失不光是订单没了，还因为中国加速去美化供应链，全球芯片价格波动加剧，韩国和台湾企业也跟着遭罪，三星股价跌了5%，TSMC警告供应链中断风险。欧洲车企如大众和宝马，依赖中国芯片的他们，现在得急着找备选方案，整个全球制造业都抖了三抖。中国芯片业的腾飞，离不开人才的回流大潮，过去几年，美国那边对华裔科学家审查越来越严，签证卡壳、经费限制，让不少人寒心。结果一大批顶尖专家打包行李回国效力。比方说，Intel的资深芯片架构师苏飞，在美国干了20年，拿过大奖，还带出一堆徒弟，现在回母校当教授，专注芯片测试和可靠性研究。孙楠这样的芯片设计大牛，从硅谷跳槽回清华，四年里开发了50多款前沿芯片，强调在美国学到的东西得回馈祖国。还有前苹果半导体工程师，回武汉教书育人，帮着培养下一代人才。甚至AI领域的宋春朱，本是美国顶尖教授，毅然回国建实验室，说这里有更大舞台，这些人带回的技术和经验，直接助推中国从跟跑到并跑。这事儿闹到现在，供应链重塑已成定局。美国想独占高端技术，可市场规律摆在那，中国韧性十足，短期阵痛换来长期独立。美企丢单，外资犹豫，中国企业却抓住风口，显芯科技这样的新秀，用数字芯片加RRAM技术，参数读取速度快5倍，成本低30%，成了显示芯片国产化的标杆。国际上，日本东京电子和荷兰ASML也开始评估对中国供货的风险，欧盟评估报告指出，芯片中断会让欧洲汽车业年亏数百亿欧元，大家都看清了，全球化时代，谁也别想单干。,,,,,2,0,11,2025-10-06 20:41,iPhone 16 Pro Max,https://wx1.sinaimg.cn/large/008IEIOhgy1i62xvjdd50j30eq08xaaw.jpg,,,,红V,超级会员,1
5215014882640775,Q6iByb4Z9,5770151273,姬永锋,上周，中国禁止国内主要科技企业采购英伟达（Nvidia）芯片。这一举措在媒体上仅获得有限关注，但其影响却远超普遍认知。具体而言，这表明中国在半导体领域已取得足够进展，可摆脱对美国设计的先进芯片的依赖——而这些芯片绝大多数由中国台湾地区制造。同时，这也凸显出：在中国对外部依赖度不断降低之际，美国却面临着台湾地区供应链可能中断的风险。在美国开始限制向中国出售人工智能（AI）芯片后，中国大幅加大了半导体领域的研发与投资力度，以推动实现自给自足。这些努力正开始见效，而中国主动切断对英伟达的采购，正是其对本土能力充满信心的强烈信号。例如，新型模型DeepSeek-R1-Safe便是基于1000枚华为昇腾（Ascend）芯片训练而成。尽管单枚昇腾芯片的性能远不及英伟达或AMD的单枚芯片，但华为通过系统级设计，协调大量芯片协同工作的思路似乎已见成效。以华为由384枚芯片组成的CloudMatrix384系统为例，其目标便是对标英伟达采用72枚更高性能芯片的GB200系统。如今，美国获取先进半导体严重依赖中国台湾地区的台积电（TSMC）——全球绝大多数最先进芯片均由该企业制造。遗憾的是，美国推动本土半导体制造的进程十分缓慢。台积电亚利桑那州工厂的一座晶圆厂现已投产，这一进展令人鼓舞，但劳动力培训、文化融合、许可审批及供应链等问题仍在解决中，美国本土工厂要成为台湾地区制造的可行替代方案，仍有漫长的路要走。若中国实现半导体制造自主化的速度远超美国摆脱对台湾地区制造依赖的速度，那么无论遭遇自然灾害还是人为事件，美国在台湾地区供应链可能中断的风险面前，都将变得更加脆弱。倘若台湾地区的芯片制造因任何原因中断，而中国企业最终占据全球半导体制造能力的很大一部分，这也将助力中国获得巨大的地缘政治影响力。尽管两岸间偶尔出现紧张局势升级及大规模军事演习的情况，但自20世纪60年代以来，台湾地区总体保持和平。这份和平助力台湾民众实现了繁荣发展，也为人工智能领域的巨大进步奠定了基础——而这一切都建立在台积电生产的芯片之上。我希望我们能找到一条道路，在未来数十年里继续维护这份和平。但仅有希望远远不够。除努力维护和平外，我们还需开展切实工作：推动半导体供应来源多元化，在更多国家建设更多芯片晶圆厂，并增强半导体供应链的韧性。对任何单一制造商的依赖，都意味着一旦出现问题，就可能引发短缺、价格飙升及创新停滞。[原文来源：deeplearning.ai/the-batch/issu…],,,,,18,4,34,2025-09-26 06:38,HUAWEI Mate 60 Pro,https://wx3.sinaimg.cn/large/006iuXW1gy1i5qparbnbqj30u04k81kx.jpg,,,,金V,超级会员,2
5201397203079184,Q0AlycV2g,1444313404,领事闲谈,"【独家：消息称英伟达正在为中国研发性能超越H20的新型AI芯片】北京/新加坡（路透社）——据两位知情人士透露，英伟达正在为中国开发一款基于其最新Blackwell架构的新型人工智能芯片，其性能将比目前获准在中国销售的H20型号更强大。美国总统唐纳德·特朗普上周表示，英伟达芯片在中国销售的可能性不容忽视。但消息人士指出，由于华盛顿方面对给予中国过多美国人工智能技术访问权限存在根深蒂固的担忧，美国监管机构的批准远未得到保证。消息人士称，新芯片暂时被称为B30A，将采用单芯片设计，其原始计算能力可能仅为Nvidia旗舰B300加速卡中更复杂的双芯片配置的一半。单芯片设计是指集成电路的所有主要部件都制造在一块连续的硅片上，而不是分散在多个芯片上。新芯片将具有高带宽内存和Nvidia的NVLink技术，可实现处理器之间的快速数据传输，这些功能也包含在基于该公司较旧的Hopper架构的芯片H20中。未获授权向媒体发言且拒绝透露姓名的消息人士表示，该芯片的规格尚未完全确定，但Nvidia希望最早在下个月向中国客户交付样品进行测试。Nvidia在一份声明中表示：“我们对我们的路线图的各种产品进行了评估，以便我们能够在政府允许的范围内做好竞争准备。”该公司表示：“我们提供的所有产品均经过相关部门的充分批准，并且仅用于有益的商业用途。”美国商务部没有回应路透社的置评请求。闪点中国在上个财年为英伟达贡献了13%的营收，而中国能在多大程度上获得尖端人工智能芯片，是中美贸易紧张局势的最大导火索之一。英伟达直到今年7月才获得恢复销售H20显卡的许可。这款显卡是2023年中国实施出口限制后专门为中国市场开发的，但该公司在今年4月突然被勒令停止销售。特朗普上周表示，他可能允许英伟达在中国销售其下一代芯片的缩小版，此前他宣布了一项前所未有的协议，英伟达和竞争对手AMD将向美国政府提供在中国销售部分先进芯片收入的15%。他暗示，针对中国的一款新Nvidia芯片可能会“打30%到50%的折扣”，这显然是指该芯片的计算能力，并补充说H20已经“过时”了。美国民主党和共和党议员都担心，即使是获得旗舰人工智能芯片的缩小版，也会阻碍美国保持其在人工智能领域领先地位的努力。但英伟达和其他公司认为，保持中国对其芯片的兴趣非常重要——这些芯片与英伟达的软件工具兼容——这样开发商就不会完全转向华为等竞争对手的产品。华为在芯片开发方面取得了长足的进步，其最新型号据称在计算能力等某些方面与英伟达不相上下，但分析师表示，华为在软件生态系统支持和内存带宽能力等关键领域仍落后。近几周，中国官方媒体还声称这家美国公司的芯片可能存在安全风险，并已就购买H20芯片向中国科技公司发出警告，这给英伟达在中国保住市场份额的努力增添了难度。英伟达表示，其芯片不存在后门风险。据另外两位知情人士透露，Nvidia还准备开始推出一款单独的、基于Blackwell架构、主要用于人工智能推理任务的中国专用芯片。路透社5月份报道称，这款目前被称为RTX6000D的芯片售价将低于H20，这反映出其规格较弱且制造要求较简单。该芯片的设计符合美国政府设定的门槛。它使用传统的GDDR内存，内存带宽为每秒1,398GB，略低于4月份实施的限制措施所设定的1.4TB门槛，该限制措施导致了最初的H20禁令。一位知情人士表示，英伟达将于9月向中国客户交付小批量RTX6000D。",,,,,9,15,38,2025-08-19 16:46,微博网页版,https://wx1.sinaimg.cn/large/5616793cgy1i4j9b9jycqj20m80ettj1.jpg,,,,金V,超级会员,2
5199930260198376,PFVDQ0PBC,1444313404,领事闲谈,【中美芯片战：特朗普的Nvidia-AMD交易如何重新定义华盛顿的出口管制政策】（财富）在特朗普和拜登两届政府执政期间，华盛顿都声称需要通过禁止向其战略竞争对手出口越来越多的敏感产品来限制中国的技术发展。如今，特朗普决定允许英伟达和AMD向中国出售其先进的人工智能芯片，并要求中国支付15%的收入分成，这使得出口管制制度几乎成了谈判的筹码。特朗普政府已将该协议定位为其他产品和行业的参考方案。“既然我们有了模型和beta测试，为什么不扩大规模呢？”美国财政部长斯科特·贝森特周三在彭博电视台表示。特朗普的举动反映出华盛顿在与北京的科技竞争中处于一种不安的境地。美国在人工智能和半导体领域对中国的领先优势正在缩小，专家估计最多只能领先一到两年。与此同时，美国企业抱怨被排除在世界第二大经济体之外。如今，中国正在效仿美国，采取出口管制策略，利用其丰富的稀土金属资源——用于生产一系列电子产品的关键材料——向华盛顿及其盟友施压。接受《财富》采访的分析师认为，特朗普与英伟达的交易是总统与中国贸易谈判的一次性举措。FuturumGroup的半导体研究员王雷指出，特朗普政府早在7月底就首次暗示将为英伟达的H20处理器（一款符合美国规定的人工智能芯片）发放出口许可证，这是其与北京达成的贸易战休战协议的一部分。Wang认为，政府上周末达成的15%的减税政策是一个附加措施，是一个“增加政府收入的机会”，符合特朗普更广泛的目标。但达特茅斯学院副教授、国际关系专家詹妮弗·林德表示，出口管制制度的损害可能已经造成。“这项协议表明，在特朗普政府的领导下，哪些项目被禁止或允许，并非出于对中国军事实力影响的仔细考量，而是出于政治上的一时兴起和个人主义政治，”林德解释道。“这对一个正常运作的出口管制制度来说是毁灭性的。”——出口管制有何变化？周一，特朗普证实了媒体报道称，英伟达和AMD已同意将其在华销售额的15%上交给美国政府，以换取出口许可证。涉及的芯片是英伟达的H20和AMD的MI308，这两款人工智能处理器专为中国市场设计，并根据美国早先的出口管制进行了调整。在同一场新闻发布会上，特朗普表示，他甚至可能允许英伟达向中国出售其领先的Blackwell处理器的简化版。过去几个月，出口管制发生了巨大变化。今年4月，英伟达披露，美国已禁止其向中国销售H20芯片，并对未售出的库存收取了55亿美元的费用。随着华盛顿和北京贸易战升级，出口管制也随之升级。截至5月底，美国已扩大管制范围，禁止向中国出售芯片设计软件、飞机零部件等产品和化学品。随后，这些出口管制几乎在实施的同时就消失了。作为与中国贸易谈判的一部分，美国同意减少对芯片设计软件和飞机零部件的管制。官员们认为，这些协议是为了让中国放松对稀土磁铁的控制，稀土磁铁威胁着美国汽车和国防等多个行业。一些担心中国科技领域主导地位日益增强的议员担心，特朗普的协议会开创一个不好的先例。众议院中国事务特别委员会主席、共和党人约翰·穆勒纳尔（JohnMoolenaar）认为：“我们不应该开创一个先例，激励政府向中国发放许可证，出售那些能够增强其人工智能能力的技术。”他的民主党对手拉贾·克里希纳穆尔蒂表示，“通过对我们的安全担忧定价，我们向中国和我们的盟友发出信号，美国的国家安全原则是可以以适当的价格进行谈判的。”《芯片战争：争夺世界最关键技术》一书的作者克里斯·米勒表示，对该协议的强烈反对可能会阻止出口制度进一步受到侵蚀。“我们将看到美国国会、媒体和官僚机构对H20协议的决定提出一些反对意见，这也可能阻止进一步削弱管制，”米勒说。——芯片控制起作用了吗？拜登政府将出口管制定性为一项国家安全措施，旨在维持和扩大美国对中国的技术优势。特朗普政府过去也曾使用过类似的逻辑。但现在，他似乎把芯片管控当作了经济交易的工具，这引发了人们对下一步可能走向的疑问。“如今白宫在这个问题上缺乏真正的领导力，就像拜登时代那样，”在特朗普首次宣布将允许H20再次在中国销售后，美国国防授权代理公司-奥尔布赖特石桥集团的合伙人保罗·特里奥洛在7月中旬举行的财富人工智能头脑风暴新加坡会议上表示。“我们正处于一个有点奇怪的时刻。”然而，出口管制对中国科技发展的抑制效果如何尚不明确。尽管存在出口管制，但中国科技行业似乎已经开发出令人满意的处理器和强大的人工智能模型。中国科技巨头华为正在与芯片制造巨头中芯国际合作，打造自主研发的人工智能处理器。华为的昇腾芯片仍然落后于英伟达最先进的产品，但与英伟达在中国销售的芯片相比仍具有优势。这种势头让美国陷入困境。它可能会加倍管控，希望短期内抑制中国的创新——即使从长远来看，中国国内产业能够自给自足。或者，它也可以放松限制，保留市场准入，并希望中国永远不会投资国内替代品。美国官员现在似乎认为，英伟达继续向中国销售产品对它更有利。“你得卖给中国足够多的产品，让他们的开发者对美国的技术栈上瘾，”美国商务部长霍华德·卢特尼克（HowardLutnick）7月中旬在CNBC上表示，此前不久，有报道称英伟达将获准再次向中国销售H20芯片。（卢特尼克还驳斥了H20只是英伟达“第四佳”芯片的说法。）“我们不希望华为搞‘数字一带一路’，”贝森特周三表示，他指的是中国在全球新兴市场建设基础设施的战略。“我们不希望标准变成中国的。”——中国反击中国的压力可能在特朗普允许Nvidia和AMD芯片重返中国的过程中发挥了一定作用。尽管近年来中国已开始逐步限制稀土出口，但作为对特朗普关税的报复措施之一，北京在今年早些时候全面停止了稀土出口。官员要求中国出口商在向任何海外客户销售产品之前必须申请许可证。这一禁令冻结了美国和欧洲的稀土产业。中国拥有全球约90%的稀土资源，这得益于一项持续多年的国内稀土加工投资项目。各国政府也开始投资中国以外的稀土资源，但这些项目可能需要数年时间才能取得成果。在赢得华盛顿的支持后，英伟达及其首席执行官黄仁勋现在可能需要赢得北京的支持。据彭博社周二报道，中国官员已警告政府相关领域的公司不要使用英伟达的芯片。中国官方媒体也对H20芯片进行了猛烈抨击。“当一种芯片既不环保、又不先进、又不安全时，作为消费者，我们当然可以选择不买，”中央电视台旗下微信周日发布一条帖子。在美国人工智能政策负责人之一迈克尔·克拉西奥斯(MichaelKratsios)表示英伟达芯片可能包含“位置追踪”功能以打击芯片走私后，中国监管机构召集英伟达高管开会，解释H20芯片是否存在安全风险。这场风波足以促使Nvidia强烈声明“NvidiaGPU没有也不应该有终止开关和后门”。未来集团研究员王先生指出，中国私营部门——阿里巴巴和腾讯等大型科技公司以及Moonshot等小型初创公司——将消耗绝大多数Nvidia芯片。“他们确实需要这些芯片来训练和开发他们的人工智能，”王说。“我不认为政府的指导方针能够阻止这种行为。”,,,,,1,1,8,2025-08-15 15:37,微博网页版,,,,,金V,超级会员,2
5198822097029592,PFsOttuIw,1400887105,司马平邦,【英伟达对华出口H20芯片越来越抽象，中美高技术博弈进入哑谜阶段】路透社：美政府已批准英伟达对华出口H20芯片，市场准入障碍解除一位美国官员8月8日表示，美国商务部已开始向英伟达（Nvidia）发放向中国出口其H20芯片的许可证。美国政府上月撤销了今年4月对H20芯片出口中国的禁令。该款微处理器是英伟达为符合拜登时期的AI芯片出口管制，专门为中国市场定制的。英伟达首席执行官黄仁勋本周三又与美国总统特朗普会面。之前黄仁勋到中国访问，受到中国最高商务官员接待，全程一路高调，但是最近黄仁勋两次进入白宫受到特朗普接见，媒体上从未见到任何的直接报道，更不会有图片和视频。英伟达于今年7月表示，已向美国政府提交申请，恢复向中国销售H20图形处理单元（GPU），并获保证将很快获得许可证。目前尚不清楚已发放的许可证数量、获准接收H20芯片的中国企业名单，以及具体出口金额。该公司今年4月曾披露，预计与出口限制相关的损失为55亿美元。但在5月，英伟达称，由于部分材料得以再利用，第一季度与H20限制相关的实际损失比预期减少10亿美元。英伟达上月还表示，其产品不含任何可被远程访问或控制的“后门”，以回应中国方面对H20芯片潜在安全风险的担忧。而除了H20之外，英伟达其他先进AI芯片对华出口仍受限制。尽管这些限制削弱了美国企业满足中国这一全球最大半导体市场之一的旺盛需求的能力，但中国仍是美国芯片制造商的重要收入来源。黄仁勋曾表示，如果失去对华销售，公司在行业的领先地位可能会动摇，而中国本土芯片制造商正借助华为等企业的产品争取开发者。英伟达在今年5月曾表示，H20在第一季度创收46亿美元，中国市场贡献了当期总营收的12.5%。玉渊谭天：H20芯片既不环保，也不先进，更不安全前几天，国家互联网信息办公室就H20算力芯片漏洞后门安全风险约谈英伟达公司，英伟达在随后的自辩声明中提到，芯片没有“后门”，他们还专门提到了“Clipper芯片”事件。今年5月，美国众议员比尔·福斯特（BillFoster）牵头提出一项法案，要求美国商务部强制美国芯片企业在受出口管制的芯片中加入“后门”。比尔·福斯特是物理学博士，曾经有过芯片设计的工作经验，所以他十分笃定地说，相关的技术十分成熟，完全可以实现。比尔·福斯特想要实现的，总结起来就是两件事，一个是“追踪定位”，一个是“远程关闭”。“后门”主要分为两种，硬件“后门”和软件“后门”。硬件“后门”是芯片在设计或制造时留下的物理装置，主要是具有“后门”功能的逻辑电路；软件“后门”可以理解为在软件中植入具有“后门”功能的指令，通过运行软件来对用户的系统造成破坏、窃取机密等。H20芯片上有多个组件，包括：GPU核心、电源管理模块等。只要在H20芯片的电源管理模块中植入“远程关闭”电路，设定相应的触发机制，就能在不依靠外部条件的情况下实现这一功能。当芯片满足以下条件：激活时间达到提前设定的指标；温度、电压等物理条件符合提前设定的指标。H20芯片的电源管理模块就可以执行相应操作，包括：直接切断芯片核心电源；将电压调整到不稳定区域，导致芯片功能异常等。比如，最简单直接的操作就是，卖给中国的芯片可以定时，设置用满500个小时就自动关闭。这样一来，芯片直接无法使用，毫不夸张地说，所有的投入都相当于打水漂了。另一种实现“远程关闭”的硬件“后门”，是修改H20芯片的固件引导程序。当芯片启动时，引导程序会检查特定条件（如地理位置信息、授权状态等），如果条件不满足，就可以拒绝芯片启动、启动时禁用部分高级功能或限制芯片性能等。目前H20几乎是专供中国的，如果芯片里设置了“后门”，那么“后门”的功能就具有高度的定向性，一旦启动基本不会有“误伤”。奇安信威胁情报中心安全专家告诉谭主，美国塑造人工智能霸权的抓手，一个是硬件，一个是软件生态系统。对于其他国家来说，不仅要从硬件层面努力做到替代，也要建设起自主可控的软件生态系统。为了完成上述的这些布置，美方曾经系统设计过一个机制——片上治理机制。这个机制就提到，美国政府需要成立相关的部门，来协调芯片设计、生产、制造的各个环节，包括协调企业和盟友，来达到对人工智能芯片的控制。片上治理机制，能实现以下几种功能：🔻一是许可锁定。若发现违规情况，厂商将立即停止签发新的许可证，芯片则因无法更新而失效。🔻二是追踪定位。目标芯片与多个地标服务器交互的响应速度，可以反映其大致位置。芯片本身能实现主动查询，只限制在特定地理区域运行。🔻三是使用监测。内置硬件能够记录芯片状态、训练任务、计算量等关键信息，要求用户验证芯片使用方式，确保开发符合美国的监管要求。🔻四是使用限制。片上治理机制限制芯片在大型集群计算机和超级计算机中的使用，保护敏感数据访问，并只允许芯片运行经过批准的代码或模型。无论从哪个角度讲，H20对于中国来说，都算不上是一款安全的芯片。除了不安全，H20也不先进。根据相关机构数据，相比于H20的标准版——H100，H20的整体算力只有约20%，其GPU核心的数量比H100减少41%，性能降低28%，这也导致H20无法满足万亿级大模型训练需求。除了不先进，H20也不环保。去年7月，国家发展改革委联合有关部门印发了一个名叫《数据中心绿色低碳发展专项行动计划》的文件。《行动计划》中提到，到2030年底，全国数据中心平均电能利用效率、单位算力能效和碳效达到国际先进水平。一般来说，对于采用14nm以下工艺的服务器GPU，节能水平的能效比需达到0.5TFLOPS/W，先进水平需达到1.0TFLOPS/W。根据相关机构测算，H20的能效比大约为0.37TFLOPS/W，不满足0.5TFLOPS/W的节能水平。我们都知道，算力某种程度上也是电力，人工智能的发展会新增大量的能源需求。而这些新增的需求，也需要符合中国绿色转型的节奏。从这个角度来讲，H20，当然不是一个好选择。当一款芯片，既不环保，也不先进，更不安全时，作为消费者，我们当然可以选择，不买。（本文后半部分节选自玉渊谭天自媒体）O英伟达对华出口H20芯片越来越抽象，中美高技术博弈进入哑谜阶段,,,,,10,8,57,2025-08-12 14:14,微博网页版,"https://wx4.sinaimg.cn/large/001wNYJjly1i4aucbogghj60sg11y7rh02.jpg,https://wx2.sinaimg.cn/large/001wNYJjly1i4aucc3bvcj61be0zkax302.jpg",,,,金V,超级会员,2
5198399777016271,PFhPjtrfF,7565974200,两仪生麻瓜,FT：美方启动向NVIDIA发放H20对华出口许可；黄仁勋与特朗普会面后“数周不作为”告一段落要点一：路透援引美方官员称，美国商务部已开始向NVIDIA发放H20对华出口许可证；此前4月对H20的销售禁令在上月被逆转。两位知情人士表示，NVIDIACEO黄仁勋于周三与特朗普会面。当前尚不清楚许可数量、客户清单与放行金额规模。此前公司提示相关限制对季度销售有数十亿美元冲击。要点二：发证落地有望缓解中国市场对美系生态的替代性迁移，缩小华为等国产方案的“窗口期”；但除H20之外的更高端芯片仍受限，且新近“15%分成/费用”安排将影响价格体系与利润率。路透称H20在一季度实现46亿美元销售，中国收入占比约12.5%，可见其恢复出货对营收结构具有边际意义。,,,,,0,1,3,2025-08-11 10:15,微博网页版,,,,,黄V,会员,6
5197825443104069,PF2SYd1vD,1444313404,领事闲谈,【官员称美国允许英伟达向中国出口芯片】(路透社)——美国官员周五向路透社表示，美国商务部已开始向英伟达发放许可证，允许其向中国出口H20芯片，这为这家人工智能领头羊进入关键市场扫清了重大障碍。美国上个月撤销了4月份对华销售H20芯片的禁令。为了遵守拜登时代的人工智能芯片出口管制，该公司专门针对中国市场定制了这款微处理器。该芯片制造商警告称，这些限制措施将导致其7月份当季销售额减少80亿美元。两位知情人士向路透社透露，英伟达首席执行官黄仁勋周三与特朗普会面。英伟达发言人拒绝置评。白宫发言人没有立即回应置评请求。该公司7月份表示，正在向美国政府提交申请，恢复向中国销售H20图形处理器，并得到保证将很快获得许可。目前尚不清楚Nvidia已颁发了多少份许可证、允许Nvidia将H20发运给哪些公司以及允许发运的货物价值是多少。英伟达在4月份披露，预计与这些限制措施相关的费用将达到55亿美元。5月份，英伟达表示，由于部分材料得以重复使用，第一季度因H20限制措施而产生的实际费用比预期少了10亿美元。英国《金融时报》首先报道了周五的事态发展。在中国对H20芯片的潜在安全风险表示担忧后，英伟达上个月表示，其产品没有允许远程访问或控制的“后门”。大市场除H20外，Nvidia其他先进AI芯片对中国的出口仍然受到限制。美国历届政府都限制向中国出口先进芯片，以阻碍北京的人工智能和国防发展。虽然这影响了美国公司全面满足中国（全球最大的半导体市场之一）日益增长的需求的能力，但它仍然是美国芯片制造商的重要收入驱动力。黄仁勋曾表示，如果华为不能向中国市场销售芯片，其领导地位可能会下滑。华为正利用在中国生产的芯片吸引中国开发商。今年5月，英伟达表示H20在第一季度带来了46亿美元的销售额，中国市场占该季度总收入的12.5%。,,,,,2,5,12,2025-08-09 20:13,微博网页版,https://wx4.sinaimg.cn/large/5616793cgy1i47v47ce4nj20m80etgsm.jpg,,,,金V,超级会员,2
5196398769214144,PErLSCF1e,1286293690,孙永杰,伯恩斯坦：英伟达在中国AI芯片市场的份额将降至54%华尔街领先的研究公司伯恩斯坦（Bernstein）就英伟达恢复对华销售NVDAH20芯片发表了看法。该公司认为，恢复这些人工智能（AI）芯片的销售是恢复禁令以来销售损失的积极一步。尽管如此，该公司预测，英伟达在中国AI芯片市场的份额将从2024年的66%降至2025年的54%。伯恩斯坦的观点反映了监管挑战，以及华为、寒武纪和海光等中国本土竞争对手的快速发展。这些公司利用英伟达在中国芯片市场的缺席，填补了美国出口限制造成的空白。虽然英伟达的市场份额将会下降，但伯恩斯坦认为，中国本土生产的AI芯片份额将大幅提升，从2023年的17%上升到2027年的55%。伯恩斯坦认为，美国的出口限制对英伟达在中国的长期主导地位构成结构性风险，可能会加速中国AI芯片生态系统的发展。今年4月，特朗普政府以国家安全担忧为由，禁止向中国出口H20AI芯片。然而，白宫最近撤销了该禁令，以缓和与中国的贸易谈判。尽管英伟达可以恢复销售，但前提是获得许可证、确保订单、产能和运输物流。此外，由于中国竞争对手的质量正在提升，该公司对H20芯片的需求和竞争力表示怀疑。总结而言，伯恩斯坦认为，虽然短期内受出口恢复带动，英伟达销售额有望增长，但长期看，随着中国本土AI芯片产业的不断加强，英伟达将面临市场份额被蚕食的局面。PS：即使H20恢复销售，但产能需重新启动（一般预计重开工厂需约9个月），加上市场提前转向本土选择，NVIDIA恢复速度仍可能滞后。#科技##英伟达##英伟达需就h20芯片风险提交材料#,,,,"科技,英伟达,英伟达需就h20芯片风险提交材料",0,0,0,2025-08-05 21:44,微博网页版,https://wx4.sinaimg.cn/large/4cab48baly1i43b9baz6pj21400scn4g.jpg,,,,黄V,非会员,0
5192845901956911,PCXls8d55,7687956238,清华大学人工智能国际治理研究院,清华大学人工智能国际治理研究院超话【本周头条】#it研究所#NvidiaCEO第三次访华：亲和外交与AI出口复苏#黄仁勋##供应链外交##H20出口重启#7月21日，NvidiaCEO黄仁勋出席中国国际供应链博览会期间的多场活动。此行紧随美国政府批准Nvidia向中国恢复H20AI芯片出口后展开，黄仁勋强调他是贯彻两国间科技合作的使者。他在公开场合称赞包括Deepseek、阿里巴巴、腾讯及华为等中国AI企业的发展，展现出对中国科技生态的肯定。美国分析人士指出，尽管出口禁令解除表面上反映政策松动，但黄仁勋此行亦意在缓和美国的出口审查氛围，并为Nvidia在中国市场重建增长打开局面。但也有学者指出，即便华为等国内厂商受青睐，Nvidia在华未来仍存在政策与供应链层面的不确定性。,,,,"it研究所,黄仁勋,供应链外交,H20出口重启",0,0,2,2025-07-27 02:26,清华大学人工智能国际治理研究院超话,https://wx2.sinaimg.cn/large/008ohSCagy1i3rz85y7i4j30hs0hsaaf.jpg,,,,蓝V,非会员,0
5191188036715868,PCgdtsb6s,2815346324,中天電視亞洲台FUN,#黄仁勋魅力攻势席卷北京　路透：巩固关键市场明星地位#美国半导体巨头辉达（Nvidia）执行长黄仁勋今年第3度造访大陆，在北京展开一连串的公开活动，不仅出席链博会，更罕见地在街头与粉丝互动，展现亲民魅力，巩固这位科技巨擘在大陆市场的超级明星地位。根据《路透社》等，黄仁勋此次访陆行适逢美国政府放宽对中芯片禁令，他也宣布辉达将恢复对中销售H20芯片。黄仁勋在北京期间，除了参加第三届中国国际供应链促进博览会（链博会），还与大陆副总理何立峰以及商长王文涛会晤。在链博会开幕式上，这位出生于台湾、9岁移居美国的科技巨擘脱下标志性皮夹克，特别换上唐装，并在演讲中自称「Chinese」。他还将大陆Deepseek、阿里巴巴及腾讯的人工智能模型描述为「世界级」，甚至对主要竞争对手华为的实力也给予肯定。黄仁勋向记者表示，「我认为，事实是，任何低估华为和中国制造能力的人都是极其天真的。这是一家强大的公司」。报导称，辉达正深陷中美贸易战的漩涡，两国为争夺人工智能和其他尖端科技领域全球霸主地位，这使辉达价值170亿美元的大陆业务面临挑战。分析人士表示，尽管黄仁勋似乎能在北京和华盛顿间游刃有余，但该公司仍受美中紧张局势影响。科技业研调机构Omdia首席分析师LianJyeSu指，黄仁勋此行目的是展现辉达对大陆市场承诺，但面对美国政府可能担忧辉达与中方关系深化，辉达仍得从中求取平衡。北京经济咨询公司龙洲经讯（GavekalDragonomics）分析师TillyZhang说，「辉达仍需要看清形势，并在正确的时机把握机遇，才能让可得的获利最大化。但对公司来说，我认为辉达有位非常擅长做到这点的执行长，这是件好事」。新闻来源：中天新闻网#大陆#黄仁勋#明星#辉达#华为#AI#美国,,,,"黄仁勋魅力攻势席卷北京　路透：巩固关键市场明星地位,大陆,明星,华为",0,0,0,2025-07-22 12:38,微博网页版,"https://wx4.sinaimg.cn/large/a7cec694gy1i3motmez5mj215q0tbtzb.jpg,https://wx3.sinaimg.cn/large/a7cec694gy1i3motlzjn5j215q0tcwvq.jpg",,,,蓝V,非会员,0
5190893800786302,PC8yU3iyi,1444313404,领事闲谈,【黄仁勋的中国魅力攻势凸显了其在关键市场的明星地位】（路透社）——Nvidia首席执行官黄仁勋对北京并不陌生，但他最近的一次访问（今年第三次来华）巩固了他在中国的明星地位，粉丝们在首都街头与这位人工智能巨头自由交流。作为全球最具影响力的公司之一的首席执行官，在北京四处走动、接受各种采访、与兴奋的粉丝合影，甚至为他的忠实粉丝签名皮夹克（这位亿万富翁的标志性服饰），这实属罕见。上周，这位全球市值最高公司的掌舵人抵达北京参加供应链博览会，几天前他刚刚会见了美国总统唐纳德·特朗普，并宣布，继美国4月份因国家安全担忧而实施禁令后，这家人工智能巨头将再次能够在中国销售其H20芯片。黄仁勋的公司陷入了中美贸易战的漩涡，两国都在争夺人工智能和其他尖端技术的全球主导地位，这可能会颠覆供应链，威胁到英伟达价值170亿美元的中国业务。分析人士表示，尽管黄似乎能够很好地把握北京和华盛顿之间微妙的关系，但该公司仍然受到中美紧张局势的影响。科技研究公司Omdia首席分析师苏连杰表示：“黄仁勋的访问旨在展现英伟达对中国市场的承诺。然而，这一承诺必须与美国政府对深化与中国关系的潜在担忧相平衡。”黄仁勋将中国公司DeepSeek、阿里巴巴和腾讯的人工智能模型描述为“世界级”。自今年1月DeepSeek模型发布以来，中国对H20芯片的需求激增。“英伟达仍然需要看清形势，并在正确的时机把握机遇，才能最大限度地发挥现有优势。但对公司来说，我认为有一位非常擅长做到这一点的首席执行官，这对公司来说是件好事。”龙洲经讯（GavekalDragonomics）科技分析师张蒂莉（TillyZhang）表示。86Research分析师CharlieChai表示，未来几年英伟达在中国的市场份额可能会下滑。“中国政府将积极帮助或补贴国内竞争对手，这些竞争对手有朝一日能够与高端Nvidia芯片抗衡，至少在某些情况下能够取代它们。”对于一位访问中国的全球首席执行官来说，这是一个不寻常的景象，社交媒体平台上发布的视频显示，黄在北京街头闲逛，手里拿着饮料，在笔记本上签名并摆姿势自拍。当被问及华盛顿将如何接待他最近一次北京之行时，这位首席执行官表示：“我告诉特朗普总统和他的内阁，我要来中国。我向他介绍了我的行程，他说，‘祝你旅途愉快’。”在上周三举行的中国国际供应链博览会开幕式上，出生于台湾、九岁移居美国的黄仁勋脱下标志性的皮夹克，换上一件黑色的传统中式夹克，并在演讲中称自己为“中国人”。黄仁勋在博览会演讲以及随后的评论中热情洋溢地赞扬了中国科技巨头将技术转化为应用的能力，并称中国的供应链“庞大”。甚至连其主要竞争对手华为技术有限公司也受到了称赞，英伟达正与华为技术有限公司展开一场激烈的战略争夺战，争夺人工智能芯片的主导地位。黄仁勋对记者说：“我认为，事实是，任何低估华为和中国制造能力的人都是极其天真的。这是一家强大的公司。”,,,,,1,2,6,2025-07-21 17:09,微博网页版,https://wx3.sinaimg.cn/large/5616793cgy1i3lr138hnvj20m80efq8j.jpg,,,,金V,超级会员,2
5190795071586735,PC5ZF6EMv,7627198187,贝才来彩来,"#黄仁勋再度套现#黄仁勋这波操作真的很有意思！股价刚创新高172美元就立马减持1294万美元，时机卡得这么精准，说是""预设计划""我是信的，但这个计划的时机选择未免太巧了吧。最让我觉得玩味的是他一边在中国各种秀友好，夸华为""规模与创新力非凡""，跟小米谈AI合作，推H20特供版芯片，一边却在美国股市疯狂套现。这不就是典型的""左手画圆右手画方""吗？中国市场占全球AI芯片需求40%，他当然得来拉关系，毕竟之前禁令让英伟达损失了80亿美元收入。但说实话，从商业角度看黄仁勋这招挺高明的。英伟达市值4万亿美元，超过英法德三国股市总和，52倍市盈率确实有泡沫嫌疑。他用10b5-1计划这个""合规外衣""在高点套现，既避免了内幕交易嫌疑，又能分散个人投资风险。关键是他还持有超7400万股直接股份，通过信托还有7.86亿股，所以减持这点根本不影响控制权。我觉得最值得关注的不是他卖了多少股票，而是这个时间节点。AI热潮到底还能持续多久？Blackwell芯片订单排到2026年听起来很美好，但万一AI应用落地不及预期呢？黄仁勋这种级别的企业家，对行业周期的嗅觉肯定比散户敏锐得多。8月底的财报才是真正的试金石，看看数据中心业务和Blackwell芯片的实际表现能不能撑起这4万亿美元的市值。个人感觉，黄仁勋这波减持更像是在为可能的估值回调做准备。毕竟连他自己都知道，没有永远只涨不跌的股票。#黄仁勋减持英伟达股票##NVIDIA市值4万亿##AI芯片泡沫#财宝宝超话",,,,"黄仁勋再度套现,黄仁勋减持英伟达股票,NVIDIA市值4万亿,AI芯片泡沫",0,3,1,2025-07-21 10:37,财宝宝超话,https://wx4.sinaimg.cn/large/008kaWFBgy1i3lfoiv2k5j30p60eh42n.jpg,,,,普通用户,非会员,0
5190784496439277,PC5IBr19j,7748662772,别说进程了,伯恩斯坦：中国本土人工智能加速器最新动态：-伯恩斯坦分析师近日在报告中预测，到2025年，中国AI芯片需求将达到395亿美元，而供应量仅为370亿美元，存在25亿美元的缺口。-据伯恩斯坦预测，NVIDIA预计到年底将恢复约105亿美元的营收。NVIDIA将于9月推出的全新B30芯片预计将额外创造28亿美元的营收。-AMD预计将恢复10亿美元的收入。-在限制措施实施之前，中国AI芯片供应缺口预计为126亿美元。根据修订后的展望，由于销售恢复以及寻求替代供应源，这一缺口已大幅减少。-预计字节跳动、腾讯、阿里巴巴(NYSE:BABA)和百度(NASDAQ:BIDU)将在2024年下半年占据H2O需求的80%以上，并在2025年保持这一主导地位。-禁令颁布前，字节跳动和腾讯的合并订单预计将达到80万台。据报道，华为昇腾910C芯片今年预计将出货35万片。虽然其性能不如NVIDIA的H100，但在推理工作负载方面正逐渐获得青睐。-资本支出激增。预计到2025年，中国人工智能相关的资本支出将达到910亿美元，其中380亿美元将用于购买国内人工智能芯片。,,,,,0,0,1,2025-07-21 09:55,微博网页版,https://wx1.sinaimg.cn/large/008soB9Oly1i3leh057hqj30xi0i775l.jpg,,,,普通用户,非会员,0
5190434724776814,PBWCsk2Fo,7748662772,别说进程了,TheInformation关于NVIDIAH20的报道据TheInformation报道，NVIDIA已告知其中国客户，虽然针对H20芯片的中国出口禁令即将解除，但H20芯片的供应将受到限制，目前尚无恢复生产的计划。这意味着H20芯片的出货量将持续到现有库存耗尽为止，这表明供应链问题可能会阻碍NVIDIA在短期内充分利用重返中国市场的机会。供应链问题的背景TheInformation援引两位消息人士的话说，自美国政府于4月禁止销售H20芯片后，NVIDIA被迫取消订单并暂停了台积电的H20芯片生产线。扭转这种局面并非易事。消息人士指出，台积电的生产线已被其他客户的芯片生产订单满载，现有的H20生产线已转产用于生产其他芯片。NVIDIA首席执行官黄仁勋上周在北京的一场媒体活动上提到，从零开始生产新芯片需要九个月的时间。因此，NVIDIA计划继续仅运送其现有的H20库存，直至库存耗尽，并已告知客户目前没有恢复H20晶圆生产的计划。NVIDIA的战略考量近几周，NVIDIA一直在与中国主要客户沟通，以评估其专用芯片的需求。此举旨在确定是否值得将资源重新投入到H20的生产中，还是专注于游说华盛顿，争取获得基于Blackwell架构、专为中国市场设计的高性能AI芯片的中国出口许可。这一决定考虑了与华为等本土竞争对手的竞争格局。,,,,,1,1,4,2025-07-20 10:45,微博网页版,,,,,普通用户,非会员,0
5190327994417942,PBTQjixj8,1444313404,领事闲谈,【美国众议院中国问题委员会共和党高层反对恢复NvidiaH20芯片发货】（路透社）——美国众议院中国问题小组负责人告诉美国商务部长霍华德·卢特尼克(HowardLutnick)，恢复向中国销售英伟达的H20芯片可能会威胁到北京人工智能能力的提升，他加大了对该决定的批评力度，并表示最初的禁令是“正确的决定”。共和党众议员约翰·穆勒纳尔（JohnMoolenaar）周五在致卢特尼克的一封信中警告说，这些芯片可能会削弱美国的人工智能优势，并可能帮助中国公司抢占全球人工智能模型市场份额。“商务部禁止H20的决定是正确的，”莫勒纳尔在信中表示，并要求提供更多信息。“我们不能让（中国共产党）使用美国芯片来训练人工智能模型，用于军事用途、审查其人民并削弱美国的创新。”英伟达本周宣布将允许其恢复销售，推翻了特朗普政府今年4月实施的一项出口限制。该限制旨在阻止H20等先进人工智能芯片落入中国手中，理由是国家安全担忧。这一问题罕见地得到了两党的支持。此举迅速引发了包括穆勒纳尔在内的美国议员的质疑和批评。穆勒纳尔周一表示，他将向商务部寻求“澄清”。英伟达的一位发言人随后为美国放松限制的做法进行了辩护，称当世界依靠美国技术发展时，美国才是赢家。该发言人在一份声明中表示：“政府做出了对美国最有利的决定，促进了美国的技术领先地位、经济增长和国家安全。”商务部代表没有立即回应置评请求。这封信是一位共和党同僚公开反对特朗普政府政策的罕见例子，表明华盛顿的对华鹰派人士对人工智能芯片出口到中国的国家安全担忧程度之深。卢特尼克周二表示，计划恢复销售H20芯片是美国就稀土和磁铁进行谈判的一部分。这也表明美国正在放松对中国人工智能技术出口的限制。在拜登政府限制其他先进芯片向中国出口后，英伟达为中国市场设计了H20芯片。但H20在推理方面仍然具有竞争力，AI模型可以为用户提供答案，而推理正迅速成为AI芯片市场的最大组成部分。它的功能也可以应用于超级计算机。根据中国特别委员会2025年4月的一份报告，Nvidia的H20芯片在今年早些时候为中国公司DeepSeek推出的震惊世界的人工智能模型中发挥了重要作用。Moolenaar表示，中国腾讯等科技公司也使用H20来训练大型人工智能系统，越来越多的证据表明中国人工智能公司正在使用H20芯片来构建超级计算机。根据政策变化，H20芯片的出口仍需获得美国批准。但英伟达表示，已得到保证将获得许可，并希望尽快开始交付。在给Lutnick的信中，Moolenaar要求尽快（但不迟于8月8日）汇报商务部计划如何评估H20和类似芯片的许可申请、预计出口的H20数量以及出口给哪些国家。莫勒纳尔写道：“H20的性能远远超过华为等中国芯片制造商目前能够大规模生产的任何产品，因此将大幅促进中国的人工智能发展。”,,,,,40,21,171,2025-07-20 03:41,微博网页版,https://wx1.sinaimg.cn/large/5616793cgy1i3jy07l3moj20u00k0wm3.jpg,,,,金V,超级会员,2
5189482345401837,PBxQmmFgp,3691290571,浩浩视频,#美方称解禁H20芯片是为打压华为#近日NVIDIA宣布，随着美国出口管制的放宽，其H20AI芯片将重新进入中国市场，不过这一决定背后的原因远不止中美贸易协议那么简单。据白宫AI主管大卫·萨克斯（DavidSacks）透露，美方解除H20芯片禁令的一个重要原因，是应对华为在中国市场的崛起及其对美国全球主导地位的潜在威胁。萨克斯在接受采访时指出：“你不能把整个中国市场拱手让给华为，因为NVIDIA完全有能力凭借一款性能稍逊的芯片来争夺其中的大部分份额。”“再次强调，我们不会将最新、最强大的芯片卖给中国，但我们可以通过这种方式剥夺华为在中国的市场份额，进而阻止其在全球范围内与美国竞争。”他还表示，在不远的未来，全球市场份额要么属于NVIDIA等美国企业，要么属于中国企业，“判断标准很简单：五年后，如果全球市场的80%由NVIDIA等美国企业占据，说明我们赢得了AI竞赛；反之，那就是我们输了。”萨克斯此前曾提到，华为的CloudMatrix机架级解决方案已具备与NVIDIA竞争的能力，且中国本土的替代方案正逐渐成为美国AI主导地位的威胁。他也同意黄仁勋的观点，即如果美国芯片不向全球市场供应，中国最终将占据主导地位。#黄仁勋称早就知道雷军会成功#L倚天Video的微博视频,,,,"美方称解禁H20芯片是为打压华为,黄仁勋称早就知道雷军会成功",0,0,0,2025-07-17 19:41,微博视频号,,"http://f.video.weibocdn.com/o0/attaYj3Plx08pSDGWRfi01041200540v0E010.mp4?label=mp4_720p&template=1280x720.25.0&ori=0&ps=1BVp4ysnknHVZu&Expires=1763873894&ssig=Y0S5rHUQJW&KID=unistore,video",,,红V,会员,5
5189422920238011,PBwiw0ZUT,5251226673,绍虞城事通网绍兴,#美方称解禁H20芯片是为打压华为#近日NVIDIA宣布，随着美国出口管制的放宽，其H20AI芯片将重新进入中国市场，不过这一决定背后的原因远不止中美贸易协议那么简单。据白宫AI主管大卫·萨克斯（DavidSacks）透露，美方解除H20芯片禁令的一个重要原因，是应对华为在中国市场的崛起及其对美国全球主导地位的潜在威胁。萨克斯在接受采访时指出：“你不能把整个中国市场拱手让给华为，因为NVIDIA完全有能力凭借一款性能稍逊的芯片来争夺其中的大部分份额。”“再次强调，我们不会将最新、最强大的芯片卖给中国，但我们可以通过这种方式剥夺华为在中国的市场份额，进而阻止其在全球范围内与美国竞争。”他还表示，在不远的未来，全球市场份额要么属于NVIDIA等美国企业，要么属于中国企业，“判断标准很简单：五年后，如果全球市场的80%由NVIDIA等美国企业占据，说明我们赢得了AI竞赛；反之，那就是我们输了。”萨克斯此前曾提到，华为的CloudMatrix机架级解决方案已具备与NVIDIA竞争的能力，且中国本土的替代方案正逐渐成为美国AI主导地位的威胁。他也同意黄仁勋的观点，即如果美国芯片不向全球市场供应，中国最终将占据主导地位。#黄仁勋称早就知道雷军会成功#L倚天Video的微博视频,,,,"美方称解禁H20芯片是为打压华为,黄仁勋称早就知道雷军会成功",0,0,0,2025-07-17 15:45,微博视频号,,"http://f.video.weibocdn.com/o0/attaYj3Plx08pSDGWRfi01041200540v0E010.mp4?label=mp4_720p&template=1280x720.25.0&ori=0&ps=1BVp4ysnknHVZu&Expires=1763874049&ssig=C0TH%2FqbxoT&KID=unistore,video",,,蓝V,会员,5
5189413996071095,PBw47ptmT,6405298248,大湾区经视,#美方称解禁H20芯片是为打压华为#近日NVIDIA宣布，随着美国出口管制的放宽，其H20AI芯片将重新进入中国市场，不过这一决定背后的原因远不止中美贸易协议那么简单。据白宫AI主管大卫·萨克斯（DavidSacks）透露，美方解除H20芯片禁令的一个重要原因，是应对华为在中国市场的崛起及其对美国全球主导地位的潜在威胁。萨克斯在接受采访时指出：“你不能把整个中国市场拱手让给华为，因为NVIDIA完全有能力凭借一款性能稍逊的芯片来争夺其中的大部分份额。”“再次强调，我们不会将最新、最强大的芯片卖给中国，但我们可以通过这种方式剥夺华为在中国的市场份额，进而阻止其在全球范围内与美国竞争。”他还表示，在不远的未来，全球市场份额要么属于NVIDIA等美国企业，要么属于中国企业，“判断标准很简单：五年后，如果全球市场的80%由NVIDIA等美国企业占据，说明我们赢得了AI竞赛；反之，那就是我们输了。”萨克斯此前曾提到，华为的CloudMatrix机架级解决方案已具备与NVIDIA竞争的能力，且中国本土的替代方案正逐渐成为美国AI主导地位的威胁。他也同意黄仁勋的观点，即如果美国芯片不向全球市场供应，中国最终将占据主导地位。#黄仁勋称早就知道雷军会成功#L倚天Video的微博视频,,,,"美方称解禁H20芯片是为打压华为,黄仁勋称早就知道雷军会成功",0,0,0,2025-07-17 15:09,微博视频号,,"http://f.video.weibocdn.com/o0/attaYj3Plx08pSDGWRfi01041200540v0E010.mp4?label=mp4_720p&template=1280x720.25.0&ori=0&ps=1BVp4ysnknHVZu&Expires=1763874049&ssig=C0TH%2FqbxoT&KID=unistore,video",,,蓝V,非会员,0
5189379746435640,PBvaSr0cE,1915878710,大老客大大,近日NVIDIA宣布，随着美国出口管制的放宽，其H20AI芯片将重新进入中国市场，不过这一决定背后的原因远不止中美贸易协议那么简单。据美国白宫AI主管大卫·萨克斯（DavidSacks）透露，美国解除H20芯片禁令的一个重要原因，是应对华为在中国市场的崛起及其对美国全球主导地位的潜在威胁。萨克斯在接受采访时指出：“你不能把整个中国市场拱手让给华为，因为NVIDIA完全有能力凭借一款性能稍逊的芯片来争夺其中的大部分份额。”“再次强调，我们不会将最新、最强大的芯片卖给中国，但我们可以通过这种方式剥夺华为在中国的市场份额，进而阻止其在全球范围内与美国竞争。”#院士说把卫星扔上天真是扬眉吐气#,,,,院士说把卫星扔上天真是扬眉吐气,0,0,2,2025-07-17 12:53,微博网页版,,,,,红V,超级会员,2
5189366226094202,PBuP4pznA,6643015744,时代Video,#美方称解禁H20芯片是为打压华为#近日NVIDIA宣布，随着美国出口管制的放宽，其H20AI芯片将重新进入中国市场，不过这一决定背后的原因远不止中美贸易协议那么简单。据白宫AI主管大卫·萨克斯（DavidSacks）透露，美方解除H20芯片禁令的一个重要原因，是应对华为在中国市场的崛起及其对美国全球主导地位的潜在威胁。萨克斯在接受采访时指出：“你不能把整个中国市场拱手让给华为，因为NVIDIA完全有能力凭借一款性能稍逊的芯片来争夺其中的大部分份额。”“再次强调，我们不会将最新、最强大的芯片卖给中国，但我们可以通过这种方式剥夺华为在中国的市场份额，进而阻止其在全球范围内与美国竞争。”他还表示，在不远的未来，全球市场份额要么属于NVIDIA等美国企业，要么属于中国企业，“判断标准很简单：五年后，如果全球市场的80%由NVIDIA等美国企业占据，说明我们赢得了AI竞赛；反之，那就是我们输了。”萨克斯此前曾提到，华为的CloudMatrix机架级解决方案已具备与NVIDIA竞争的能力，且中国本土的替代方案正逐渐成为美国AI主导地位的威胁。他也同意黄仁勋的观点，即如果美国芯片不向全球市场供应，中国最终将占据主导地位。#黄仁勋称早就知道雷军会成功#L倚天Video的微博视频,,,,"美方称解禁H20芯片是为打压华为,黄仁勋称早就知道雷军会成功",0,0,0,2025-07-17 11:59,微博视频号,,"http://f.video.weibocdn.com/o0/attaYj3Plx08pSDGWRfi01041200540v0E010.mp4?label=mp4_720p&template=1280x720.25.0&ori=0&ps=1BVp4ysnknHVZu&Expires=1763874049&ssig=C0TH%2FqbxoT&KID=unistore,video",,,蓝V,非会员,0
5189366215607500,PBuP3nwLy,2099591797,鍋盖頭司令,#美方称解禁H20芯片是为打压华为#近日NVIDIA宣布，随着美国出口管制的放宽，其H20AI芯片将重新进入中国市场，不过这一决定背后的原因远不止中美贸易协议那么简单。据白宫AI主管大卫·萨克斯（DavidSacks）透露，美方解除H20芯片禁令的一个重要原因，是应对华为在中国市场的崛起及其对美国全球主导地位的潜在威胁。萨克斯在接受采访时指出：“你不能把整个中国市场拱手让给华为，因为NVIDIA完全有能力凭借一款性能稍逊的芯片来争夺其中的大部分份额。”“再次强调，我们不会将最新、最强大的芯片卖给中国，但我们可以通过这种方式剥夺华为在中国的市场份额，进而阻止其在全球范围内与美国竞争。”他还表示，在不远的未来，全球市场份额要么属于NVIDIA等美国企业，要么属于中国企业，“判断标准很简单：五年后，如果全球市场的80%由NVIDIA等美国企业占据，说明我们赢得了AI竞赛；反之，那就是我们输了。”萨克斯此前曾提到，华为的CloudMatrix机架级解决方案已具备与NVIDIA竞争的能力，且中国本土的替代方案正逐渐成为美国AI主导地位的威胁。他也同意黄仁勋的观点，即如果美国芯片不向全球市场供应，中国最终将占据主导地位。#黄仁勋称早就知道雷军会成功#L倚天Video的微博视频,,,,"美方称解禁H20芯片是为打压华为,黄仁勋称早就知道雷军会成功",31,80,184,2025-07-17 11:59,微博视频号,,"http://f.video.weibocdn.com/o0/attaYj3Plx08pSDGWRfi01041200540v0E010.mp4?label=mp4_720p&template=1280x720.25.0&ori=0&ps=1BVp4ysnknHVZu&Expires=1763874049&ssig=C0TH%2FqbxoT&KID=unistore,video",,,金V,超级会员,2
5189366202765641,PBuP2bBt7,1063687330,中国IT杂谈,#美方称解禁H20芯片是为打压华为#近日NVIDIA宣布，随着美国出口管制的放宽，其H20AI芯片将重新进入中国市场，不过这一决定背后的原因远不止中美贸易协议那么简单。据白宫AI主管大卫·萨克斯（DavidSacks）透露，美方解除H20芯片禁令的一个重要原因，是应对华为在中国市场的崛起及其对美国全球主导地位的潜在威胁。萨克斯在接受采访时指出：“你不能把整个中国市场拱手让给华为，因为NVIDIA完全有能力凭借一款性能稍逊的芯片来争夺其中的大部分份额。”“再次强调，我们不会将最新、最强大的芯片卖给中国，但我们可以通过这种方式剥夺华为在中国的市场份额，进而阻止其在全球范围内与美国竞争。”他还表示，在不远的未来，全球市场份额要么属于NVIDIA等美国企业，要么属于中国企业，“判断标准很简单：五年后，如果全球市场的80%由NVIDIA等美国企业占据，说明我们赢得了AI竞赛；反之，那就是我们输了。”萨克斯此前曾提到，华为的CloudMatrix机架级解决方案已具备与NVIDIA竞争的能力，且中国本土的替代方案正逐渐成为美国AI主导地位的威胁。他也同意黄仁勋的观点，即如果美国芯片不向全球市场供应，中国最终将占据主导地位。#黄仁勋称早就知道雷军会成功#L倚天Video的微博视频,,,,"美方称解禁H20芯片是为打压华为,黄仁勋称早就知道雷军会成功",1,3,6,2025-07-17 11:59,微博视频号,,"http://f.video.weibocdn.com/o0/attaYj3Plx08pSDGWRfi01041200540v0E010.mp4?label=mp4_720p&template=1280x720.25.0&ori=0&ps=1BVp4ysnknHVZu&Expires=1763874049&ssig=C0TH%2FqbxoT&KID=unistore,video",,,蓝V,会员,7
5189366045741172,PBuOMo5xy,7343316773,光芒视频,社会超话#美方称解禁H20芯片是为打压华为#近日NVIDIA宣布，随着美国出口管制的放宽，其H20AI芯片将重新进入中国市场，不过这一决定背后的原因远不止中美贸易协议那么简单。据白宫AI主管大卫·萨克斯（DavidSacks）透露，美方解除H20芯片禁令的一个重要原因，是应对华为在中国市场的崛起及其对美国全球主导地位的潜在威胁。萨克斯在接受采访时指出：“你不能把整个中国市场拱手让给华为，因为NVIDIA完全有能力凭借一款性能稍逊的芯片来争夺其中的大部分份额。”“再次强调，我们不会将最新、最强大的芯片卖给中国，但我们可以通过这种方式剥夺华为在中国的市场份额，进而阻止其在全球范围内与美国竞争。”他还表示，在不远的未来，全球市场份额要么属于NVIDIA等美国企业，要么属于中国企业，“判断标准很简单：五年后，如果全球市场的80%由NVIDIA等美国企业占据，说明我们赢得了AI竞赛；反之，那就是我们输了。”萨克斯此前曾提到，华为的CloudMatrix机架级解决方案已具备与NVIDIA竞争的能力，且中国本土的替代方案正逐渐成为美国AI主导地位的威胁。他也同意黄仁勋的观点，即如果美国芯片不向全球市场供应，中国最终将占据主导地位。#黄仁勋称早就知道雷军会成功#L倚天Video的微博视频,,,,"美方称解禁H20芯片是为打压华为,黄仁勋称早就知道雷军会成功",0,0,0,2025-07-17 11:59,社会超话,,"http://f.video.weibocdn.com/o0/attaYj3Plx08pSDGWRfi01041200540v0E010.mp4?label=mp4_720p&template=1280x720.25.0&ori=0&ps=1BVp4ysnknHVZu&Expires=1763874049&ssig=C0TH%2FqbxoT&KID=unistore,video",,,蓝V,会员,6
5189365837338105,PBuOruMYx,5859405777,未电科技,#美方称解禁H20芯片是为打压华为#近日NVIDIA宣布，随着美国出口管制的放宽，其H20AI芯片将重新进入中国市场，不过这一决定背后的原因远不止中美贸易协议那么简单。据白宫AI主管大卫·萨克斯（DavidSacks）透露，美方解除H20芯片禁令的一个重要原因，是应对华为在中国市场的崛起及其对美国全球主导地位的潜在威胁。萨克斯在接受采访时指出：“你不能把整个中国市场拱手让给华为，因为NVIDIA完全有能力凭借一款性能稍逊的芯片来争夺其中的大部分份额。”“再次强调，我们不会将最新、最强大的芯片卖给中国，但我们可以通过这种方式剥夺华为在中国的市场份额，进而阻止其在全球范围内与美国竞争。”他还表示，在不远的未来，全球市场份额要么属于NVIDIA等美国企业，要么属于中国企业，“判断标准很简单：五年后，如果全球市场的80%由NVIDIA等美国企业占据，说明我们赢得了AI竞赛；反之，那就是我们输了。”萨克斯此前曾提到，华为的CloudMatrix机架级解决方案已具备与NVIDIA竞争的能力，且中国本土的替代方案正逐渐成为美国AI主导地位的威胁。他也同意黄仁勋的观点，即如果美国芯片不向全球市场供应，中国最终将占据主导地位。#黄仁勋称早就知道雷军会成功#L倚天Video的微博视频,,,,"美方称解禁H20芯片是为打压华为,黄仁勋称早就知道雷军会成功",0,0,0,2025-07-17 11:58,微博视频号,,"http://f.video.weibocdn.com/o0/attaYj3Plx08pSDGWRfi01041200540v0E010.mp4?label=mp4_720p&template=1280x720.25.0&ori=0&ps=1BVp4ysnknHVZu&Expires=1763874049&ssig=C0TH%2FqbxoT&KID=unistore,video",,,蓝V,非会员,0
5189365791196337,PBuOn51dL,6417385970,AI机器人时代,#美方称解禁H20芯片是为打压华为#近日NVIDIA宣布，随着美国出口管制的放宽，其H20AI芯片将重新进入中国市场，不过这一决定背后的原因远不止中美贸易协议那么简单。据白宫AI主管大卫·萨克斯（DavidSacks）透露，美方解除H20芯片禁令的一个重要原因，是应对华为在中国市场的崛起及其对美国全球主导地位的潜在威胁。萨克斯在接受采访时指出：“你不能把整个中国市场拱手让给华为，因为NVIDIA完全有能力凭借一款性能稍逊的芯片来争夺其中的大部分份额。”“再次强调，我们不会将最新、最强大的芯片卖给中国，但我们可以通过这种方式剥夺华为在中国的市场份额，进而阻止其在全球范围内与美国竞争。”他还表示，在不远的未来，全球市场份额要么属于NVIDIA等美国企业，要么属于中国企业，“判断标准很简单：五年后，如果全球市场的80%由NVIDIA等美国企业占据，说明我们赢得了AI竞赛；反之，那就是我们输了。”萨克斯此前曾提到，华为的CloudMatrix机架级解决方案已具备与NVIDIA竞争的能力，且中国本土的替代方案正逐渐成为美国AI主导地位的威胁。他也同意黄仁勋的观点，即如果美国芯片不向全球市场供应，中国最终将占据主导地位。#黄仁勋称早就知道雷军会成功#L倚天Video的微博视频,,,,"美方称解禁H20芯片是为打压华为,黄仁勋称早就知道雷军会成功",0,0,0,2025-07-17 11:58,微博视频号,,"http://f.video.weibocdn.com/o0/attaYj3Plx08pSDGWRfi01041200540v0E010.mp4?label=mp4_720p&template=1280x720.25.0&ori=0&ps=1BVp4ysnknHVZu&Expires=1763874049&ssig=C0TH%2FqbxoT&KID=unistore,video",,,黄V,会员,7
5189365722776770,PBuOgbEmC,7816294395,星擢视频,#美方称解禁H20芯片是为打压华为#近日NVIDIA宣布，随着美国出口管制的放宽，其H20AI芯片将重新进入中国市场，不过这一决定背后的原因远不止中美贸易协议那么简单。据白宫AI主管大卫·萨克斯（DavidSacks）透露，美方解除H20芯片禁令的一个重要原因，是应对华为在中国市场的崛起及其对美国全球主导地位的潜在威胁。萨克斯在接受采访时指出：“你不能把整个中国市场拱手让给华为，因为NVIDIA完全有能力凭借一款性能稍逊的芯片来争夺其中的大部分份额。”“再次强调，我们不会将最新、最强大的芯片卖给中国，但我们可以通过这种方式剥夺华为在中国的市场份额，进而阻止其在全球范围内与美国竞争。”他还表示，在不远的未来，全球市场份额要么属于NVIDIA等美国企业，要么属于中国企业，“判断标准很简单：五年后，如果全球市场的80%由NVIDIA等美国企业占据，说明我们赢得了AI竞赛；反之，那就是我们输了。”萨克斯此前曾提到，华为的CloudMatrix机架级解决方案已具备与NVIDIA竞争的能力，且中国本土的替代方案正逐渐成为美国AI主导地位的威胁。他也同意黄仁勋的观点，即如果美国芯片不向全球市场供应，中国最终将占据主导地位。#黄仁勋称早就知道雷军会成功#L倚天Video的微博视频,,,,"美方称解禁H20芯片是为打压华为,黄仁勋称早就知道雷军会成功",0,0,0,2025-07-17 11:57,微博视频号,,"http://f.video.weibocdn.com/o0/attaYj3Plx08pSDGWRfi01041200540v0E010.mp4?label=mp4_720p&template=1280x720.25.0&ori=0&ps=1BVp4ysnknHVZu&Expires=1763874049&ssig=C0TH%2FqbxoT&KID=unistore,video",,,蓝V,非会员,0
5189364775913435,PBuMJoOlZ,6351994986,倚天Video,#美方称解禁H20芯片是为打压华为#近日NVIDIA宣布，随着美国出口管制的放宽，其H20AI芯片将重新进入中国市场，不过这一决定背后的原因远不止中美贸易协议那么简单。据白宫AI主管大卫·萨克斯（DavidSacks）透露，美方解除H20芯片禁令的一个重要原因，是应对华为在中国市场的崛起及其对美国全球主导地位的潜在威胁。萨克斯在接受采访时指出：“你不能把整个中国市场拱手让给华为，因为NVIDIA完全有能力凭借一款性能稍逊的芯片来争夺其中的大部分份额。”“再次强调，我们不会将最新、最强大的芯片卖给中国，但我们可以通过这种方式剥夺华为在中国的市场份额，进而阻止其在全球范围内与美国竞争。”他还表示，在不远的未来，全球市场份额要么属于NVIDIA等美国企业，要么属于中国企业，“判断标准很简单：五年后，如果全球市场的80%由NVIDIA等美国企业占据，说明我们赢得了AI竞赛；反之，那就是我们输了。”萨克斯此前曾提到，华为的CloudMatrix机架级解决方案已具备与NVIDIA竞争的能力，且中国本土的替代方案正逐渐成为美国AI主导地位的威胁。他也同意黄仁勋的观点，即如果美国芯片不向全球市场供应，中国最终将占据主导地位。#黄仁勋称早就知道雷军会成功#L倚天Video的微博视频,,,,"美方称解禁H20芯片是为打压华为,黄仁勋称早就知道雷军会成功",49,54,79,2025-07-17 11:53,微博视频号,,"http://f.video.weibocdn.com/o0/attaYj3Plx08pSDGWRfi01041200540v0E010.mp4?label=mp4_720p&template=1280x720.25.0&ori=0&ps=1BVp4ysnknHVZu&Expires=1763874192&ssig=K5J9r5jwje&KID=unistore,video",,,蓝V,非会员,0
5189361479977578,PBuHpFRCG,6351994986,倚天Video,#美方称解禁H20芯片是为打压华为#近日NVIDIA宣布，随着美国出口管制的放宽，其H20AI芯片将重新进入中国市场，不过这一决定背后的原因远不止中美贸易协议那么简单。据白宫AI主管大卫·萨克斯（DavidSacks）透露，美方解除H20芯片禁令的一个重要原因，是应对华为在中国市场的崛起及其对美国全球主导地位的潜在威胁。萨克斯在接受采访时指出：“你不能把整个中国市场拱手让给华为，因为NVIDIA完全有能力凭借一款性能稍逊的芯片来争夺其中的大部分份额。”“再次强调，我们不会将最新、最强大的芯片卖给中国，但我们可以通过这种方式剥夺华为在中国的市场份额，进而阻止其在全球范围内与美国竞争。”他还表示，在不远的未来，全球市场份额要么属于NVIDIA等美国企业，要么属于中国企业，“判断标准很简单：五年后，如果全球市场的80%由NVIDIA等美国企业占据，说明我们赢得了AI竞赛；反之，那就是我们输了。”萨克斯此前曾提到，华为的CloudMatrix机架级解决方案已具备与NVIDIA竞争的能力，且中国本土的替代方案正逐渐成为美国AI主导地位的威胁。他也同意黄仁勋的观点，即如果美国芯片不向全球市场供应，中国最终将占据主导地位。对此，你怎么看呢？,,,,美方称解禁H20芯片是为打压华为,1,1,1,2025-07-17 11:40,微博网页版,,,,,蓝V,非会员,0
5188942028604088,PBjMSA6jC,7943876498,源深路炒家,英伟达黄仁勋赢得对华“松绑”，罕见逆转美中贸易战政策英伟达（Nvidia）首席执行官黄仁勋过去几个月不断公开表示，美国限制向中国出口人工智能芯片是一个严重错误——但从各方反馈来看，他的观点并未真正打动政策制定者。然而，情况在一夜之间出现逆转。本周一晚，英伟达宣布其已获得美国政府许可，可以向中国出口部分芯片。紧随其后，竞争对手超威半导体（AMD）也发布了类似消息。这些出口许可可能为两家公司今年带来数十亿美元的营收，而这也标志着特朗普政府此前“无可协商”立场的重大转向。黄仁勋曾抓住几乎所有公开机会——从科技大会到华盛顿高层会谈——反复强调，对华限制将适得其反。在发言中，他在赞扬特朗普政府推动美国本土芯片制造的同时，也敦促放宽在华经营限制。就在上周，黄仁勋曾在白宫会见总统特朗普。WedbushSecurities分析师MatthewBryson表示：“黄仁勋在与政府沟通方面做得非常出色。”他既迎合了白宫希望推动美国制造业投资的立场，又巧妙表达了“美国AI技术应自由流通”的主张。当英伟达宣布重返中国市场时，黄仁勋正身处北京，参加一场政府主办的活动，并与中方官员会面，讨论“以安全可控方式推动AI惠及全人类”。英伟达表示，美方已承诺发放出口许可证，公司“希望尽快开始出货”。JanusHenderson投资组合经理RichardClode认为：“这不仅对英伟达及其供应链是积极信号，也对整体市场和美中贸易谈判释放了利好预期。”⸻并非全面放松，市场仍充满不确定性尽管许可发放被视作突破，尚不能保证英伟达和AMD在中国的业务会大幅恢复。据知情人士透露，企业仍不清楚许可范围及有效期，且目前获准出口的也只是老旧、低规格的产品。与此同时，中国本土AI公司正迅速崛起，转向国产替代方案。此次“松绑”究竟有多少是黄仁勋游说的成果，外界不得而知。有分析指出，这可能是美中近期谈判中的一部分交换条件。据悉，作为交换，中国同意接受更高的关税，并在稀土合作方面让步。WolfeResearch美国政策主管TobinMarcus称：“政府高层明确表示，这是一项‘交易换交易’的成果。”⸻AI芯片战的复杂博弈：商业利益与国家安全之争黄仁勋长期主张，对华限制将迫使美国芯片厂商让出巨大的市场份额，拱手让与华为等本土竞争对手。白宫AI顾问、风险投资人DavidSacks对此也表达类似立场，主张打造一套由美国控制的“AI技术堆栈”，可用于出口和监管。Sacks曾在接受彭博电视采访时表示：“我们没有向中国出售最先进的芯片。这个政策有细节、有分寸，非常合理。”Sacks还在推动对沙特、阿联酋的AI芯片出口解禁时发挥关键作用，认为这些海湾国家若无法获得美方技术，将会转向中国。然而，美国政府内部也存在巨大分歧。国会对华鹰派对此次转向感到震惊甚至愤怒。知情人士称，许多政策制定者对许可范围和实施方式毫不知情，正紧急了解背景。众议院美中特别委员会主席、共和党人JohnMoolenaar表示，该委员会将要求商务部就此变动提供解释。他强调：“保持美国在先进AI领域的领先地位，防止中共获得关键技术，是至关重要的。”⸻美商务部长：仍不会出口最先进产品美国商务部长Lutnick在接受CNBC采访时表示：“这个政策逻辑是明确的，我们不会卖给中国最好的东西。我们希望他们继续依赖美国技术，这是关键。”Lutnick称：“这是一个平衡动作，我们不想断供，但也不会倾销尖端产品。”⸻从封锁到放行：政策回转的过程美国政府最初在2022年限制英伟达向中国销售高端AI芯片，意图阻止其军事用途。英伟达随后推出阉割版的H20芯片，通过降低内存带宽等方式规避出口禁令。拜登政府曾一度考虑进一步限制H20，但未最终执行。今年4月，特朗普政府以国家安全为由正式收紧限制。一个月后，黄仁勋在台北直接指出：“出口管制是失败的。事实已经证明了这一点。”他还预计，到2026年中国AI芯片市场需求将达500亿美元——而这一市场，美国企业正面临被排除在外的风险。⸻芯片话语权正变成特朗普的外交筹码英伟达AI加速芯片对全球数据中心和AI系统至关重要，市占率超过90%。特朗普政府也正将此类技术作为谈判筹码，尤其在中东地区。在访问沙特期间，特朗普曾点名表扬黄仁勋：“蒂姆·库克没来，但你来了。你干得太棒了，Jensen。”,,,,,1,1,32,2025-07-16 07:54,微博网页版,,,,,金V,超级会员,3
5182531684272486,PyD1ChVt4,6399245004,庚白星君,年初被DeepSeek干崩盘的英伟达股价，本周又创历史最高在刚刚过去的6月25日美股收盘，美股三大指数涨跌不一，道指跌106.59点，跌幅为0.25%，报42982.43点；纳指涨61.02点，涨幅为0.31%，报19973.55点；标普500指数跌0.02点，报6092.16点。大型科技股涨跌不一，谷歌涨超2%，微软、苹果小幅上涨；英特尔跌逾1%，奈飞、亚马逊、Meta小幅下跌。英伟达涨4.3%，创下历史新高，收盘市值达3.77万亿美元，市值一夜大增1564亿美元（约合人民币1.12万亿元）再度成为全球市值最高的公司。很显然，AI就是我们这个时代最大的风口，而英伟达在黄仁勋的领导下，就是那个飞得最高的那个猪。各位读者可以回想一下，现在不论什么行业几乎都在谈AI，用AI。可以说人工智能这个概念，被作为经济发展的新动力，正在被各个市场主体所接受，并在一些区域大力推广。英伟达的CEO黄仁勋，是个很有意思的人。如今，他的英领账号上，只保留着两段工作经历，一个是连锁餐厅Denny's的服务员，而另一个则是成就了自己的英伟达创始人兼CEO。当然，黄仁勋的经历远不止这些，他于俄勒冈州立大学取得电子工程学位，1983年开启在AMD的微处理器硬件工程师生涯，又在1985至1993年担任LSILogic的核心硬件设计总监，且在1992年收获斯坦福大学硕士学位。可为何在描述其经历时，仅突出“服务员”和“科技巨头”这两个身份？我们自然不得而至。或许，这种选择性聚焦有其特殊的用意，“服务员”象征黄仁勋的“美国梦”的开端，从基层起步的奋斗历程；而英伟达的经历则代表其最终取得的卓越成就。黄仁勋自己也曾回忆这一段在连锁餐厅的经历过“虽然土豆饼是冷冻的，要从袋子里倒出来，鸡蛋是用蛋粉制成的，食物甚至可以说是劣质的。但我还是喜欢，因为我是移民，来美国之前从来没有吃过汉堡。”对于黄仁勋，曾有人向媒体透露过，他是对细节极度苛求的CEO，会因为受邀在棒球比赛中投出象征性的第一球而辗转反侧、夜不能寐；他也曾在他打过工的Denny's餐厅毫不犹豫地给服务员1000美元小费；2008年英伟达因GPU封装缺陷引发“凸点门”危机，公司市值在短短数月内蒸发约90%。在一次公司食堂召开的紧急会议上，他当着150位高管的面，对一位资深芯片架构师进行了长达一个半小时的严厉问责。但是即便如此，黄仁勋也不是一个原因解雇员工的领导者，甚至会亲自挽留基层员工。这种复杂而多面的性格，或许正是英伟达能够在竞争激烈的市场中不断突破自我、引领行业的深层原因。对于黄仁勋来说，今年肯定不是一个容易的一年。年初的时候，DeepSeek如日中天，引发市场对英伟达技术壁垒的担忧，股价一度跌至94.21美元。当时网上一种说法是DeepSeek会摧毁英伟达的市值，进而是美股科技股七姐妹崩盘，进而是美股崩盘，进而是美国崩盘。而如今，英伟达的股价重回巅峰，已经宣判了这个想法的死刑，更加让市场坚定的认为人工智能就是未来，而英伟达就是这个未来的最重要的缔造者。就像英伟达在今年GTC2025上说的那样：英伟达已经是全球人工智能基础设施构建者。黄仁勋的这个战略方向，确实是找到了核心突破点，如果说过去的英伟达凭借GPU技术在图形计算领域独占鳌头，搭建起坚固的行业壁垒；那么现在的英伟达，正在构建一个完整的AI生态系统，其业务版图涵盖了从硬件芯片到软件算法、从开发平台到行业解决方案的全链条布局。如今的英伟达所提供的，不再仅仅是高性能的芯片产品，而是一整套能够支撑人工智能开发与应用的基础设施。这包括了强大的计算能力、高效的开发工具以及丰富的应用接口等。其技术广泛应用于数据中心、智能汽车、机器人、医疗影像等多个领域，成为推动各行业智能化转型的关键力量。英伟达的股价飙升，本质上是资本市场对其“技术领导力”的投票。我们当前的世界似乎一切都与AI有关，那AI就一定与算力、显卡息息相关，电脑要用、汽车要用、机器人也要用。那对于现在来说，你就要购买英伟达的GPU，你购入了H100你就需要使用CUDA软件平台；而使用CUDA后，进一步可能会选择DGX云服务；一旦上了这个云平台，就不可避免地要支付NVLink接口的费用。这种服务捆绑策略，比苹果的封闭生态系统还要严格，因为苹果设备至少可以通过越狱等方式绕过某些限制，但H100这样的硬件还没有类似的“破解”途径。也许未来的华为可以，但是现在的政治环境大家也明白，华为因为某些更高级的不可抗力，在国际上很难与英伟达抗衡。就像今年年初的DeepSeek事件，从长期来看，对于英伟达一定是利好。就像是有人发明了一个超级便宜的汽油，让越来越多的人开得起汽车，那么对于买汽车的人来说（也就是英伟达），是利好还是利空呢？但是笔者认为，从另一个角度看，DeepSeek事件让英伟达摸清了单纯的“AI训练”的上升空间极限在哪里，所以，英伟达开始转型到了“AI训练”的下一步，就是AI应用落地。因此，黄仁勋喊出的口号是：“AI基础设施”。当下机器人热潮，恰似AI技术从虚拟迈向的现实落地应用。曾经，诸多机器人企业虽具备机械设计专长，却苦于缺乏高端计算平台支撑，致使功能大打折扣。时移世易，如今波士顿动力等一众机器人厂商，纷纷选用英伟达芯片作为“智能引擎”。无独有偶，特斯拉、FigureAI等在人形机器人赛道全力冲刺的公司，同样深度依赖英伟达技术。这表面上是机器人领域的重大突破，实则为英伟达业务拓展铺就新径。黄仁勋反复提及机器人，关键在于传递一个信号：英伟达的雄心不止于在AI训练环节分一杯羹，更要深度嵌入AI应用与落地全程。这既是勾勒未来宏图，更是向投资者与业界宣告，英伟达正从AI基础设施供应商蜕变，全力进击未来智能机器的“大脑”核心。这就是战略部署的成功，一直紧跟市场的变化，迎合投资者的预期，所以，它不涨都难。当然，英伟达也有危机，竞争对手，比如，AMD的MI300X和英特尔的Gaudi3都在努力争夺数据中心市场的份额。更要命的是，在中国市场英伟达因为不可抗力进不去，而中国作为人工智能实力仅次于美国的地区，又有无数企业需要AI算力。而这个国家也不是完全没有出现一个能代替“英伟达”的企业。因此这个市场，是黄仁勋唯一需要担心的市场，美国现在的禁令，对其十分不利。黄仁勋这样讲：“在拜登政府时期，NVIDIA在中国的市占有率高达9成，如今却已下滑至5成，其余市场份额被本土技术取代。”黄仁勋也不是完全的坐以待毙，这也就是他费劲心思出阉割版芯片的原因。不是老黄在用阉割版糊弄中国人，而是中国这个市场对于英伟达太重要了，它正在全力保住自己在中国的市场份额。,,,,,3,0,5,2025-06-28 15:21,HUAWEI P60,"https://wx3.sinaimg.cn/large/006Z4zX6gy1i2v2nk0125j30ur0mxq9x.jpg,https://wx1.sinaimg.cn/large/006Z4zX6gy1i2v2nkjmncj30om0on0zk.jpg,https://wx1.sinaimg.cn/large/006Z4zX6gy1i2v2nl3okkj30u20mkqno.jpg",,,,金V,超级会员,2
5181904831906118,PymIz7ZRQ,7310477910,小棉袄-2011,TheInformation：DeepSeekR2的发布苦于芯片限制TheInformation最新消息称：DeepSeek新一代大模型R2即将上线，性能超群，却面临芯片短缺挑战。美国禁令限制NvidiaH20出口，给部署带来不确定性。事实上，中国在AI人才和技术上可算是真遥遥领先——几家国际一线AI大厂也不少中国研究人员。眼下硬件确是国产模型的困局，但相信通过效率突破与国产芯片升级（如华为昇腾），可逐步化解。道阻，但长。胜券未稳，但胜算不低。,,,,,15,67,308,2025-06-26 21:50,,"https://wx2.sinaimg.cn/large/007YK1g2ly1i2t2nsp8d9j30zi1wjak0.jpg,https://wx4.sinaimg.cn/large/007YK1g2ly1i2t2nt29ijj30zk25aakr.jpg,https://wx1.sinaimg.cn/large/007YK1g2ly1i2t2ntetc0j30zk25adsr.jpg,https://wx1.sinaimg.cn/large/007YK1g2ly1i2t2ns2m9nj30zk25awpq.jpg,https://wx2.sinaimg.cn/large/007YK1g2ly1i2t2ntp9v3j30zk25agx2.jpg,https://wx2.sinaimg.cn/large/007YK1g2ly1i2t2ntyzhej30zk25a49h.jpg",,,,金V,超级会员,3
5177093521936403,Pwlyo87Kj,5603357062,互联网小e,随着NVIDIA收到美国出口禁令的进一步限制，几乎所有NVIDIA的AI芯片都无法出口到国内。业内很多分析都表示，NVIDIA无法在国内销售AI芯片，最大的获益者将会是华为，华为很可能取代NVIDIA，成为国内AI芯片销售的领军企业。甚至NVIDIA自己也表示，无法在中国销售AI芯片将会使华为在国内的AI芯片市占率上迅速崛起。科技超话,,,,,5,0,6,2025-06-13 15:12,美女送的Android,"https://wx1.sinaimg.cn/large/0067d78Ogy1i2dq387yfij30yp0ll0v2.jpg,https://wx4.sinaimg.cn/large/0067d78Ogy1i2dq38wfenj30u00mitdh.jpg,https://wx3.sinaimg.cn/large/0067d78Ogy1i2dq39t2gvj31d90w7gwi.jpg",,,,金V,超级会员,2
5174209623884505,Pv8wWgixj,2269443552,兲虎,台积电2nm用了gaa技术这玩意儿在2022年的时候就被列入制裁范围了也就是即便没有这次的断供EDA，大陆厂商本来也就用不了2nm这一波彻底断供全套EDA受影响最大的，其实是那些原先还没进入5nm以及更高制程设计应用的芯片，会导致更长时间无法向上跟进相对来说有大量芯片需求的新能源车企们、服务器ai芯片这块为主的阿里百度、移动芯片这块为主的华为，会成为接下来受到技术壁垒制裁最大的企业，譬如新能源车企们可能要被迫NVIDIA和高通二选一了本身已经到3nm的还好点，但影响也跟大，因为还没流片的其他3nm的新芯片也要受到限制了PS：此次EDA断供，并不影响已经流片乃至量产的芯片。。。。。。。但禁令后的都被波及，主要使用了EDA，相关芯片代工厂一律不能为其代工，包括但不局限于台积电、中芯国际、三星等等PS2：给美国政府提这个意见的那一大堆人，都该死，不容任何辩解，个人强烈建议，给美国政府提这个意见的，应当人人夷三族,,,,,20,54,523,2025-06-05 16:12,,,,,,红V,超级会员,2
5174177259586736,Pv7GJEdWM,3948881580,极客手机之家,【华为挖角前NVIDIA工程师组建庞大AI研发团队：取代CUDA指日可待！】据Wccftech报道，NVIDIA首席科学家BillDally指出，华为正从NVIDIA在中国的业务中挖掘人才，这代表了中国竞争对手正在迎头赶上，并对NVIDIA构成日益严峻的挑战。人才流失，加上美国实施的限制，使得NVIDIA在中国市场的地位正在逐渐被削弱。BillDally对媒体表示，美国针对H20AI芯片的禁令，为中国企业提供了成长空间，并帮助他们抢夺高端AI人才，这对NVIDIA而言并非好消息。他透露，华为已成功秘密组建了一支由NVIDIA前工程师组成的庞大AI研究团队。众所周知，NVIDIA之前在中国市场之所以强大，除了硬件算力上的优势外，很大程度上归功于其CUDA软件生态系统——基本上无可取代，而且一直是中国大型科技公司的AI运算架构基础。虽然，华为也开发了自家的替代方案CANN，但据称其性能与CUDA相比仍有差距。但华为正在通过各种方法来强化其软件开发能力，特别是在其CANN平台上的努力，以打造一个能够与CUDA生态系统抗衡的替代方案。据华为官网介绍，CANN（ComputeArchitectureforNeuralNetworks）是昇腾针对AI场景推出的异构计算架构，对上支持多种AI框架，对下服务AI处理器与编程，发挥承上启下的关键作用，是提升昇腾AI处理器计算效率的关键平台。同时针对多样化应用场景，提供高效易用的编程接口，支持用户快速构建基于昇腾平台的AI应用和业务。此前有消息称，DeepSeek开发的大语言模型绕过了NVIDIA的CUDA框架，正为未来兼容国产GPU芯片做准备。#华为##英伟达##老表良心评测#,,南昌,,"华为,英伟达,老表良心评测",1,1,4,2025-06-05 14:04,微博网页版,https://wx1.sinaimg.cn/large/eb5f26acgy1i24f5j6oykj20go0cijt0.jpg,,,,黄V,会员,7
5173779501680182,PuXlc735I,1660079292,向小田,英伟达的首席科技家和研发高级副总裁BillDally在公开场合说，美国禁止向中国出口包括英伟达H20在内的高性能计算芯片后，原本为英伟达编写程序的大量中国高端AI研究人才，如今大多在为华为工作。英伟达本来预计通过公关游说活动，能够说服川普政府放过H20，但是没想到在付出了大量的政商资源之后，竟然惨遭被刺，潜在损失高达500亿美元。又，英伟达在上海设立研发中心一事，也遭两参议员写信阻拦。于老黄而言，如此外行指导内行，严重损害公司利益，已经到了难以忍受的地步。所以近期可以看到，英伟达在多个公开场合表示，禁运限售无法起到任何延缓中国人工智能产业发展的作用，反而会刺激中国半导体和AI的发展。中国有大量的AI研究人才，占世界50%，你不在这里设立研发中心，人才就会流向竞争对手。不是中国需要英伟达，而是英伟达离不开中国。,,,,,53,40,310,2025-06-04 11:43,微博网页版,,,,,金V,超级会员,2
5172429258492636,PuodnzDk0,6399245004,庚白星君,西方媒体认为：遏制中国计划已失效今天《华尔街日报》发文表示，美国遏制中国的计划已失效，中国依靠庞大市场、工程人才和产业链整合能力，正逐步突破美方设限，构建自己的科技生态系统。下面是文他们的详细观点，发上来供大家参考借鉴，立场不同，请注意甄别。#遏制中国 #中美对抗 #科技突破 美国遏制中国科技的计划失效了吗？中国的太阳能板、电动汽车和无人机已全面超越美国。下一步会是人工智能吗？多年来，美国政府在人工智能、能源、自动驾驶、无人机和电动车等多个关键科技领域对中国实施了全面遏制。然而，截至目前，几乎没有一项措施真正奏效。从多个指标来看，中国电动车不仅更便宜，性能也更优；在消费级无人机市场，中国已占据主导地位；而在武汉和北京，无人驾驶汽车上路的速度也远远快于Waymo或特斯拉的推进节奏。中国掌握了全球大部分太阳能电池板和电池的产能。尽管美国及其盟友在高端芯片和人工智能领域仍保持微弱领先，但领先优势正以惊人的速度被中国追赶。这一局面在美国政府内部以及政策圈外部引发激烈争论。白宫官员和政策支持者几乎一致主张，应通过禁止出口AI芯片及相关制造工具来阻止中国科技崛起。而包括英伟达（Nvidia）CEO黄仁勋在内的部分业界人士则认为，这类政策反而促使中国加速建立自主科技生态系统，适得其反。争论的核心在于：让中国依赖美国技术，是否比彻底切断技术联系更有利于美国国家安全？芯片战开打英伟达CEO黄仁勋是出口管制政策的主要批评者之一。他指出，中国在2026年可能在人工智能芯片和服务器上花费多达500亿美元，而美国新出台的芯片出口禁令将让英伟达错失这一巨大市场。在最近的一次财报电话会议上，黄仁勋再次强调：“把中国芯片制造商挡在美国竞争者之外，只会强化它们的国际影响力，并削弱美国自身的地位。出口限制刺激了中国在创新和规模上的跃进。”而英伟达在中国市场的受限目前并未对其营收造成重大冲击。阿里巴巴浙江云计算仁和数据中心位于中国浙江省杭州市，是该市首个超级数据中心中国电动汽车制造商百度的ApolloRT6机器人出租车在武汉行驶在无法获得美国芯片的情况下，中国正转向本土设计和制造的产品，包括华为、寒武纪、长鑫存储和中芯国际等企业的芯片。虽然华为最新的Ascend910CAI芯片性能仅为英伟达的一小部分，但其CloudMatrix384超级计算机每台部署的芯片数量是英伟达的5倍。从整体算力和内存密度来看，华为已在某些指标上超越英伟达。尽管华为的系统耗电量是英伟达的四倍，但中国在能源产能上的优势非常明显。半导体分析公司SemiAnalysis的分析师道格·奥拉夫林指出：“中国过去十年持续扩张能源产能，掌控了整个供应链，可以持续保障产出。”华为芯片的代工方中芯国际（SMIC）目前已跃升为全球第三大芯片制造商，尽管其工艺仍基于被禁令限制前的旧技术，但其依然在高质量芯片的制造方面取得进展。美国传统保守派智库“传统基金会”的中国问题分析师布莱恩·布拉克认为，AI等技术的出口管制比以往任何时候都更为重要，因为“美中正在进入一场新的冷战”。布拉克曾任白宫国家安全委员会成员，直至最近该机构裁员100人。“即便AI技术带来商业价值，我们真的能接受这些双用途的技术被中国用于引导导弹精准打击吗？”他问道。中国屡次购买美国尖端技术并加以复制，再将其商业化、规模化。奥拉夫林将这种模式形容为“抄作业”，并表示：“我说这话有点反商业精神，但我们真的不能再让他们这么轻松复制了。”特朗普时代的起点其实，美国对中国科技进步的担忧并不新鲜，但真正转向强硬遏制始于特朗普第一任期。2018年时，时任商务部长罗斯以国家安全为由，切断了中兴通讯对美国技术的获取渠道，包括关键芯片。这一举措直接终结了这家中国国有背景公司在全球的扩张计划。“这一下子让中国政府和科技公司明白，美国可以随时掐断中国科技领导者的命脉。”斯坦福大学胡佛研究所的研究员指出。此后，一系列限制措施相继出台，重点针对华为等中国智能手机和通信巨头。当时，即使是中国本土科技公司，也不愿购买国产芯片，因其质量远逊于美、韩、台设计并制造的产品。别无选择之下，中国科技企业被迫“自给自足”。￼上海华为商店这也开启了中国政府和企业对半导体产业的巨额投资。中国芯片越造越好，而美国的限制也不断升级，包括禁止出口芯片制造设备和材料。虽然中国本土的芯片生态仍无法与美国及其盟友相比肩，但半导体行业分析师、前AMD高管帕特里克·穆尔黑德指出，那种“中国永远追不上”的想法并不现实。“我在科技行业干了30年，听过太多‘中国做不到’的说法。但现在我认为唯一的问题只是他们何时能做到。”他表示，从长期看，中国有可能在本地实现芯片生产的全面自给，甚至超过台积电和英特尔。为什么是中国？多位专家指出，中国具备前所未有的综合优势，这是历史上其他与美国发生贸易战的国家无法比拟的。中国拥有庞大且训练有素的人口，从熟练工人到受过良好教育的工程师。黄仁勋曾多次表示，全球一半的AI工程师在中国。最近，英伟达因在上海设立工程办公室而遭到美国参议员批评。此外，中国还有巨大的本土市场，可为企业提供温床，助其成长再走向全球。尽管中国在原材料和某些专业产品上仍依赖外部，但中国政府推行的自给自足战略持续推进，这些依赖正逐步减弱。年复一年，中国国内生产的关键产品比例不断上升，从微小芯片组件到大型货船都不例外。斯坦福大学胡佛研究所的研究员认为，美国本应继续让其芯片和软件企业主导中国市场。但出口管制措施已经打破了这一可能。既然回不去了，唯一现实的选择或许就是继续、甚至加大技术封锁。,,,,遏制中国 ,0,0,5,2025-05-31 18:18,HUAWEI P60,"https://wx3.sinaimg.cn/large/006Z4zX6gy1i1yuent1z1j30u00jpn4q.jpg,https://wx1.sinaimg.cn/large/006Z4zX6gy1i1yueo8gyjj30u00k0td9.jpg",,,,金V,超级会员,2
5172086056420783,PufhPqWl1,2074801972,海淀知行客,日前，黄仁勋公开表示，华为芯片技术已达到NVIDIAH200水平在不久前，美国商务部针对中国AI芯片禁令再次升级，并禁止NVIDIAH20、AMDMI308以及intel的Gaudi系列等芯片出口向中国。很快，美国商务部再次加码宣布禁用华为昇腾AI芯片，并限制AIGPU用于中国AI大模型。禁令更是要求在全球任何地方都不得使用华为昇腾AI芯片，否则认定为违反美国出口管制法规。禁，肯定是禁不住的。以华为为代表中国企业的研发创新能力，只会越来越强，英伟达全球市场份额，会被中国企业给逐步蚕食。#芯片#芯片[超话]##算力##英伟达NVDA[股票]#,,,,芯片,0,0,0,2025-05-30 19:34,微博网页版,,,,,普通用户,会员,6
5171293599307431,PtUFFD3hR,1444313404,领事闲谈,【报道称华盛顿的措施可能会提振中国芯片市场】（汤姆硬件）一份新报告称，美国为抑制中国增长而对半导体市场实施的制裁和限制实际上可能正在推动中国自身半导体产业的崛起，建立更具弹性的生态系统，并在无意中加速中国在该市场的雄心。据《电子时报》Digitimes报道，尽管美国和中国已达成为期90天的贸易协议，暂停两国之间最严厉的关税，但“半导体行业的紧张局势正在升级”。《电子时报》称，不断升温的形势使得在中国大陆运营的台湾IC载板制造商再次受到审查，显示出人们对美国制裁有效性的一些怀疑。报告指出，2025年第一季度，台湾基板供应链表现意外强劲。《电子时报》称，台湾与中国大陆企业定位的“明显差异”表明，“即使在美国的限制下，中国大陆的半导体生态系统也可能正在加速崛起”。报道称，特朗普总统放弃了拜登政府的分级芯片扩散规则，转而全面禁止全球使用华为的昇腾人工智能芯片，并采取措施阻止其他人工智能芯片出口到中国，英伟达首席执行官黄仁勋称此举“失败”。报告凸显了欣兴电子和真鼎科技截然不同的命运。欣兴电子报告称，由于芯片限制收紧，其中国工厂的高端产能利用率下降。这家全球领先的集成电路载板制造商台湾工厂的订单出现反弹，抵消了订单下滑的影响，但其高管们仍然担心，不断升级的制裁可能会导致中国高端电子行业的高利润业务永久性萎缩。相反，据报道，作为制裁提振中国芯片产业理论的典型案例，真鼎半导体在中国国内市场看到了强劲的发展势头。该公司将“中国制造，服务中国市场”战略（优先考虑本地生产，满足本地需求）视为其基板部门收入同比增长30%的关键因素。据《电子时报》报道，随着中国需求持续增长，真鼎甚至可能利用其台湾高雄人工智能园区来满足需求，从而扭转供应链的流动。报告中引用的行业观察人士的观点是，这种强劲的表现表明了一个“关键的悖论”，即《电子时报》表示，“美国的制裁非但没有削弱中国的半导体雄心，反而可能在无意中加速其发展”，国内需求和供应链本地化创造了一个有弹性的生态系统，“在逆境中可能会变得更加强大”。这种情绪与英伟达首席执行官黄仁勋最近对人工智能芯片出口禁令的评论大致相同。如前所述，他将这些措施称为失败，并特别指出，各大公司正在转向英伟达的中国竞争对手，以弥补其H20等美国自主研发芯片的匮乏，从而帮助其竞争对手获得优势，而不是扼杀整个行业。近日，有报道称，Nvidia计划在今年年底前向中国推出基于Blackwell的新解决方案，以取代被禁的H20。,,,,,11,0,21,2025-05-28 15:05,微博网页版,https://wx2.sinaimg.cn/large/5616793cgy1i1v7z54ju1j20qo0f07uy.jpg,,,,金V,超级会员,2
5171152691659631,PtR0p6XKf,1444313404,领事闲谈,【英伟达中国第一季度营收有望突破60亿美元，投资者有望应对出口禁令的影响】（雅虎财经）根据彭博社追踪的华尔街分析师的一致估计，人工智能芯片制造商英伟达第一季度来自中国的收入预计将达到62亿美元，占总收入的14%以上。这是截至4月27日的三个月的数据，当时特朗普政府刚刚颁布禁令，禁止向中国销售英伟达H20芯片。中国是英伟达最大的市场之一，投资者正密切关注该公司在周三即将发布的财报中对禁令将如何影响未来销售的评论。彭博社数据显示，英伟达在中国的收入预计将较上年飙升150%，突破60亿美元大关。与此同时，其美国收入预计将温和增长60%，至216亿美元。分析师估计，英伟达总收入将达到433亿美元。英伟达首席执行官黄仁勋称特朗普政府对其H20芯片的出口禁令“令人深感痛苦”，并表示该芯片制造商因此损失了150亿美元的销售额。英伟达在4月份提交给监管部门的文件中表示，由于库存减值，新限制将导致该公司第一季度产生55亿美元的费用，这意味着该公司拥有大量无法再向中国销售的芯片。黄仁勋上周告诉Stratechery的本·汤普森：“我不仅损失了55亿美元……还损失了150亿美元的销售额，甚至可能还有……价值30亿美元的税收。”黄仁勋表示，中国对公司来说是一个价值500亿美元的市场。这番言论发表之际，英伟达的股价正值2025年陷入困境。今年1月，中国初创公司DeepSeek推出的新型廉价人工智能模型引发了人们对其人工智能芯片需求的担忧，导致其股价暴跌；4月，特朗普的贸易战震动了股市，导致股价再次暴跌。投资者希望，该芯片制造商与沙特阿拉伯的新协议及其最新的BlackwellAI芯片的销售能够在周三发布收益报告后推动股价上涨。英伟达股价周二在季度业绩公布前一度上涨3%。彭博追踪的期权交易员估计，财报公布后，该股涨跌幅度可能高达7.4%。美国银行分析师维韦克·阿里亚（VivekArya）上周在给投资者的一份报告中写道，禁令英伟达芯片导致库存减记55亿美元，这将导致该期间毛利率下降。总体而言，Arya和Stifel分析师RubenRoy预计Nvidia在第一季度的业绩将略微超出分析师的预期，但Arya表示，由于中国的出口禁令，Nvidia的第二季度前景存在“混乱”的风险。为遵守美国的出口管制规定，Nvidia已制造了名为H20的专用芯片（基于该公司上一代HopperAI图形处理单元(GPU)），用于出口到中国。过去几年，为了应对日益严格的贸易限制，英伟达不断更新其面向中国市场的芯片，但每次更新换代，芯片的性能都会逐渐下降。在此期间，中国市场在英伟达总收入中的占比也随之下降。首席执行官黄仁勋在接受汤普森采访时表示，根据最新限制，英伟达无法为中国生产另一款采用Hopper架构的人工智能芯片：“这是我们对Hopper所能做的极限，我们已经将其削减到几乎没有什么可以削减的了，”他说。与此同时，英伟达在中国市场的竞争也日益激烈，主要竞争对手是国内科技巨头华为。据报道，华为正在准备一款新型先进人工智能芯片，与英伟达上一代H100芯片展开竞争。此外，彭博社追踪的分析师预计，第一季度英伟达来自新加坡（去年英伟达第二大市场）的收入将增长70.5%，达到69亿美元，占该芯片制造商1月份季度预计收入的近16%。,,,,,2,1,8,2025-05-28 05:45,微博网页版,"https://wx3.sinaimg.cn/large/5616793cgy1i1urq41e65j212612caiv.jpg,https://wx1.sinaimg.cn/large/5616793cgy1i1urqqwhpnj212q15i48h.jpg,https://wx3.sinaimg.cn/large/5616793cgy1i1ursc94pzj20qo0hsq9o.jpg",,,,金V,超级会员,2
5170671698057376,PtEuBxO5G,5608873424,大大大餅干丶,英伟达NVL72vs.华为CloudMatrix384你以为我不上清华是因为我不想吗？#视频光映计划##微博兴趣创作计划#L大大大餅干丶的微博视频,,,,"视频光映计划,微博兴趣创作计划",4,3,33,2025-05-26 21:54,小熊牌盐汽水,,"http://f.video.weibocdn.com/o0/NrmtmNXilx08oymBmVNK01041200qCY60E010.mp4?label=mp4_720p&template=576x1024.24.0&ori=0&ps=1BVp4ysnknHVZu&Expires=1763874346&ssig=QbPeuocP4A&KID=unistore,video",,,金V,超级会员,3
5169441714212300,Pt8uLhFOk,7082773862,会玩君wpgmedia,黄仁勋痛批美国AI芯片管制！NVIDIA中国市占率已跌至50%英伟达CEO黄仁勋在台北国际电脑展（Computex2025）的新闻发布会上表示，美国针对人工智能（AI）芯片的出口管制是“失败的”，并且产生了与美国政府希望的效果完全相反的结果，因为这促使了华为等中国竞争对手加快了自己AI芯片的开发。黄仁勋表示，在2021年初，也就是拜登政府上台之初，英伟达在中国AI市场拥有高达95%的市场份额。但今天，这一比例已经下降到只有50%。而造成下滑的主要原因是美国拜登和特朗普政府对中国实施的各种禁令和制裁的影响。然而，这并不意味着中国的AI产业正在萎缩。相反，许多客户正在转向英伟达的中国竞争对手。“中国有很多本土AI芯片，如果没有英伟达的AI技术，中国客户就会使用本土技术。”黄仁勋补充说，“中国的AI研究人员将使用他们自己的AI芯片，当地公司也非常坚定，因为出口管制给了他们这种精神，中国政府的支持也加速了他们的发展。我们在中国的竞争非常激烈。”虽然其中许多公司的AI芯片仍然无法与英伟达的技术相提并论，但它们正在迅速迎头赶上，尤其是当中国意识到它对美国技术的依赖意味着它可能会随时被切断供应时。这就是为什么中国正在加大对AI芯片的投资的原因。除此之外，腾讯和阿里巴巴等一些最大的中国科技公司已经开始购买本地生产的AI芯片，这也进一步推动了中国芯片制造商的研发。“通过限制人工智能技术传播，从而限制其他国家获得美国技术是一个完全错误的想法，”黄仁勋在接受路透社记者Stratechery采访时说，“这（正确的做法）应该是在为时已晚之前，加速在各地采用美国技术。如果目标是让美国技术引领全球，那么限制人工智能技术传播的作用恰恰相反。”美国前商务部长吉娜·雷蒙多（GinaRaimondo）似乎同意黄仁勋的观点。她此前曾表示，通过禁令和制裁来阻碍中国的进步是一件愚蠢的事情，对半导体制造、研究和创新的投资应该更加重要。除了限制政策无效之外，黄仁勋还指出，特朗普政府不久前针对H20的禁令不仅会让英伟达付出代价，还意味着美国将损失很多税收。“H20的成本非常昂贵。我们不仅损失了55亿美元（计提了55亿美元损失），还可能失去了150亿美元的销售额，还价值30亿美元的税款。”黄仁勋表示。“中国的AI芯片市场未来每年可能将达到约500亿美元规模，不是5000万美元，而是500亿美元。500亿美元就像波音，而不是飞机的价值，而是整个波音公司的价值。即使把这些都抛在脑后，还有随之而来的利润、随之而来的规模、随之而来的生态系统建设等等问题。”从长远来看，失去（中国）这个庞大的生态系统将是CUDA面临的最大威胁。,,,,,0,0,0,2025-05-23 12:26,微博网页版,"https://wx1.sinaimg.cn/large/007JkB26ly1i1pba5bt59j30fa091n0a.jpg,https://wx3.sinaimg.cn/large/007JkB26ly1i1pbaa8wpbj30fa08imyx.jpg",,,,普通用户,会员,6
